age,gender,declared_income,premium_term,policy_term,premium_amount,booking_frequency,location,children,policy_type,current_status
56,female,700000,25,40,3679.33,Half_yearly,rural,no,Term,married
46,female,700000,30,45,2771.88,Yearly,urban,no,Endowment,married
32,male,200000,10,25,1957.89,Yearly,urban,no,ULIP,married
60,female,400000,10,15,2861.56,Monthly,rural,no,Term,unmarried
25,female,700000,15,20,2428.2,Half_yearly,rural,no,Endowment,widow
38,female,400000,5,15,2018.95,Monthly,semi-urban,no,Endowment,married
56,male,200000,30,35,2047.37,Half_yearly,rural,yes,Term,unmarried
36,male,700000,25,35,2484.66,Monthly,urban,yes,ULIP,widow
40,male,200000,30,45,2406.32,Monthly,rural,yes,Endowment,unmarried
28,female,700000,15,25,2398.8,Quarterly,urban,no,ULIP,married
28,male,200000,20,30,2242.56,Monthly,urban,yes,ULIP,unmarried
41,male,1200000,20,35,3997.48,Quarterly,semi-urban,no,Endowment,unmarried
53,male,400000,15,25,2461.07,Yearly,semi-urban,no,Term,unmarried
57,male,400000,25,30,3158.37,Half_yearly,semi-urban,no,Endowment,unmarried
41,male,200000,15,20,2801.03,Yearly,semi-urban,no,Endowment,widow
20,male,400000,25,30,2696.02,Half_yearly,rural,yes,ULIP,married
39,female,1200000,10,15,3022.92,Yearly,semi-urban,yes,Term,widow
19,female,1200000,15,25,3720.25,Half_yearly,rural,yes,ULIP,unmarried
41,male,400000,25,35,2275.01,Monthly,semi-urban,no,Endowment,unmarried
47,male,400000,15,30,2399.0,Half_yearly,semi-urban,yes,Term,married
55,female,700000,15,25,2865.1,Half_yearly,urban,yes,Term,married
19,female,1200000,25,35,3197.32,Yearly,rural,yes,Term,widow
38,male,400000,25,35,2039.87,Yearly,urban,no,Term,widow
50,male,400000,5,20,1636.45,Yearly,semi-urban,yes,Term,married
29,male,400000,15,20,2879.57,Quarterly,rural,no,Endowment,widow
39,male,700000,20,30,2985.17,Quarterly,semi-urban,yes,Endowment,unmarried
42,female,200000,15,30,1339.69,Half_yearly,urban,no,Endowment,unmarried
44,male,700000,15,30,2326.61,Half_yearly,rural,yes,ULIP,married
59,male,400000,25,40,2489.53,Monthly,urban,yes,Term,widow
45,male,700000,15,20,2921.29,Monthly,semi-urban,yes,Term,unmarried
33,male,200000,30,40,1440.77,Half_yearly,semi-urban,no,Endowment,married
32,female,400000,15,30,2355.38,Quarterly,semi-urban,yes,Term,widow
20,female,400000,30,35,2669.83,Half_yearly,rural,yes,ULIP,unmarried
54,female,700000,20,35,2524.24,Monthly,urban,no,Term,widow
24,male,200000,25,40,2327.91,Quarterly,urban,no,Term,widow
38,male,400000,15,30,2156.22,Quarterly,semi-urban,no,ULIP,widow
26,female,400000,30,45,2854.6,Monthly,urban,no,Endowment,married
56,male,400000,30,45,2000.36,Half_yearly,rural,yes,Endowment,unmarried
35,male,700000,30,35,2128.96,Yearly,semi-urban,yes,Term,married
21,female,700000,10,20,2714.46,Half_yearly,semi-urban,no,ULIP,unmarried
42,female,700000,5,15,1983.24,Half_yearly,semi-urban,yes,Endowment,unmarried
31,female,400000,20,30,1347.44,Monthly,rural,no,Endowment,married
26,female,700000,15,25,3241.87,Quarterly,semi-urban,yes,Endowment,married
43,male,400000,10,15,1907.89,Monthly,semi-urban,no,Term,unmarried
19,male,200000,15,20,1533.17,Half_yearly,semi-urban,yes,ULIP,unmarried
37,female,200000,15,20,1794.12,Yearly,semi-urban,no,Term,unmarried
45,male,400000,25,40,1971.67,Yearly,urban,no,Endowment,widow
24,female,700000,25,40,2628.94,Yearly,semi-urban,yes,ULIP,unmarried
25,female,700000,25,40,2153.26,Monthly,rural,yes,Term,married
52,male,700000,10,20,2949.09,Quarterly,semi-urban,yes,Endowment,married
31,female,400000,15,30,2723.12,Monthly,semi-urban,no,Endowment,married
34,male,400000,5,15,1762.5,Yearly,urban,yes,Term,unmarried
53,male,200000,20,35,1890.95,Half_yearly,semi-urban,no,Endowment,unmarried
57,male,400000,25,35,2138.47,Quarterly,urban,yes,Endowment,widow
21,male,400000,25,40,2317.5,Monthly,rural,yes,ULIP,widow
19,female,200000,15,30,2741.34,Monthly,urban,no,Endowment,married
23,male,200000,15,20,2770.16,Quarterly,semi-urban,no,Term,widow
59,female,400000,10,25,3649.43,Quarterly,rural,yes,ULIP,widow
21,female,700000,10,25,1565.31,Half_yearly,semi-urban,no,Term,married
46,female,1200000,25,30,2737.85,Quarterly,urban,no,Endowment,unmarried
35,female,1200000,15,25,4107.0,Half_yearly,rural,yes,ULIP,widow
43,male,700000,5,10,1799.65,Yearly,rural,no,ULIP,unmarried
51,male,400000,20,25,3295.63,Yearly,urban,yes,ULIP,married
27,female,700000,15,25,2773.68,Monthly,urban,yes,ULIP,married
53,female,700000,15,30,2792.07,Yearly,rural,no,Term,widow
31,male,200000,30,40,1560.1,Yearly,rural,yes,Endowment,married
48,female,400000,10,25,2174.42,Half_yearly,urban,no,Endowment,married
32,male,700000,20,35,3573.69,Monthly,semi-urban,yes,ULIP,married
25,female,400000,25,35,2376.16,Quarterly,rural,no,Endowment,widow
31,male,400000,15,20,2177.75,Monthly,urban,no,Term,widow
40,female,400000,25,35,2602.86,Yearly,semi-urban,no,Endowment,widow
57,female,200000,15,30,2103.89,Quarterly,rural,no,Term,married
38,male,400000,25,35,2572.58,Monthly,rural,no,Term,unmarried
33,female,400000,20,30,1975.13,Monthly,urban,yes,Endowment,married
35,female,200000,10,25,2161.42,Monthly,semi-urban,yes,Term,widow
41,male,200000,20,25,1879.46,Monthly,rural,no,Term,unmarried
43,female,700000,30,40,1798.02,Half_yearly,semi-urban,yes,Term,unmarried
42,male,400000,5,20,2640.98,Monthly,semi-urban,no,Term,widow
58,male,400000,10,25,1783.11,Yearly,rural,no,ULIP,unmarried
46,female,400000,20,30,2317.63,Yearly,semi-urban,yes,Endowment,unmarried
32,female,1200000,30,35,3663.03,Half_yearly,rural,yes,ULIP,widow
18,female,400000,5,15,1651.09,Quarterly,semi-urban,no,Term,unmarried
42,female,400000,30,35,2702.34,Quarterly,rural,no,Endowment,unmarried
24,female,1200000,15,20,3050.09,Yearly,urban,no,Term,widow
26,female,700000,15,20,2216.74,Yearly,rural,no,Endowment,unmarried
41,female,200000,25,30,3211.46,Half_yearly,rural,no,ULIP,unmarried
18,male,700000,10,20,2699.72,Quarterly,rural,no,Endowment,unmarried
25,female,400000,15,30,2115.95,Quarterly,semi-urban,yes,Term,unmarried
41,male,400000,30,45,2009.89,Monthly,urban,no,Endowment,widow
28,female,200000,10,25,2640.58,Monthly,semi-urban,no,Endowment,married
34,female,200000,15,30,1893.97,Monthly,semi-urban,yes,ULIP,married
25,male,700000,25,40,3078.26,Half_yearly,rural,no,Term,unmarried
52,female,400000,20,35,2398.76,Yearly,semi-urban,no,Endowment,widow
52,female,400000,25,35,2958.09,Half_yearly,rural,yes,ULIP,widow
50,male,700000,5,10,2178.73,Quarterly,urban,no,Endowment,unmarried
22,female,700000,15,30,2248.47,Yearly,semi-urban,yes,Term,married
59,female,200000,5,15,2059.5,Monthly,semi-urban,no,Endowment,unmarried
56,female,700000,5,20,2600.97,Half_yearly,semi-urban,yes,Endowment,widow
58,male,200000,30,45,2022.72,Half_yearly,rural,yes,Endowment,widow
45,female,700000,10,15,4015.72,Monthly,rural,yes,Endowment,married
24,female,700000,30,35,3731.62,Half_yearly,semi-urban,no,Term,widow
26,female,1200000,15,20,3349.53,Monthly,semi-urban,no,ULIP,widow
25,female,200000,5,20,2408.49,Quarterly,urban,yes,ULIP,widow
29,male,200000,20,35,2081.78,Yearly,urban,yes,Endowment,married
51,male,400000,5,20,1875.09,Quarterly,urban,no,Term,widow
50,female,400000,20,25,2308.96,Quarterly,urban,no,Term,unmarried
40,female,200000,30,40,2585.56,Monthly,urban,no,Term,married
41,male,1200000,30,45,3852.81,Half_yearly,rural,no,Term,unmarried
54,male,200000,10,25,2697.85,Quarterly,urban,no,Term,unmarried
52,female,400000,5,20,1645.11,Quarterly,urban,yes,Term,married
57,male,700000,25,35,2555.39,Quarterly,semi-urban,no,Endowment,unmarried
39,female,400000,30,45,1665.57,Half_yearly,rural,yes,ULIP,married
44,male,700000,30,40,3284.42,Half_yearly,urban,no,ULIP,unmarried
52,male,200000,10,25,1993.81,Monthly,urban,yes,Endowment,married
18,male,400000,20,30,2376.44,Quarterly,urban,yes,ULIP,widow
52,male,200000,10,25,2440.03,Yearly,semi-urban,no,Term,widow
54,female,200000,5,10,3583.07,Half_yearly,semi-urban,yes,Term,unmarried
31,male,1200000,15,20,3334.14,Monthly,semi-urban,yes,ULIP,widow
20,male,200000,15,20,2080.86,Quarterly,urban,yes,Term,married
18,female,400000,20,25,1779.48,Yearly,semi-urban,yes,Term,unmarried
22,male,400000,30,45,3129.32,Half_yearly,urban,no,ULIP,widow
43,male,400000,20,25,2309.18,Yearly,rural,yes,Endowment,widow
31,female,1200000,30,40,4028.57,Half_yearly,urban,no,ULIP,unmarried
56,male,200000,30,35,2752.81,Monthly,semi-urban,yes,ULIP,widow
44,female,700000,15,20,2468.52,Yearly,rural,no,ULIP,widow
26,female,1200000,20,25,2503.86,Quarterly,urban,no,ULIP,unmarried
32,female,400000,10,25,2536.28,Quarterly,rural,no,Endowment,widow
32,female,1200000,30,35,2892.55,Half_yearly,rural,yes,Endowment,widow
43,male,200000,25,35,2219.67,Quarterly,rural,no,Term,widow
59,female,400000,25,30,2924.52,Yearly,urban,no,Term,widow
30,male,400000,10,15,1573.21,Monthly,semi-urban,yes,ULIP,unmarried
49,male,700000,25,30,2832.31,Half_yearly,urban,no,Term,married
56,male,1200000,5,15,3579.8,Yearly,semi-urban,yes,Endowment,married
49,male,400000,30,35,2804.06,Half_yearly,urban,yes,Term,widow
21,male,700000,10,20,2018.23,Monthly,urban,no,Term,widow
47,male,200000,20,30,2409.67,Half_yearly,urban,yes,Term,married
54,male,400000,30,35,3001.77,Quarterly,semi-urban,yes,ULIP,widow
40,male,400000,10,20,2571.62,Quarterly,urban,yes,Term,married
56,male,1200000,15,30,3142.15,Half_yearly,rural,no,Endowment,unmarried
32,male,700000,20,25,3269.81,Monthly,urban,yes,Endowment,unmarried
60,female,400000,15,20,2052.84,Monthly,rural,yes,Endowment,unmarried
46,female,200000,30,40,1435.08,Quarterly,semi-urban,yes,Endowment,unmarried
53,female,200000,20,30,2099.7,Monthly,semi-urban,no,Term,unmarried
30,male,200000,25,30,2467.52,Half_yearly,urban,yes,ULIP,unmarried
49,female,400000,10,25,2919.47,Yearly,urban,no,Endowment,married
24,female,1200000,30,40,3465.25,Half_yearly,urban,yes,Endowment,widow
39,female,400000,5,15,2817.91,Quarterly,rural,no,ULIP,married
45,male,400000,20,35,2922.66,Quarterly,semi-urban,no,ULIP,unmarried
19,male,200000,20,35,2030.31,Quarterly,rural,no,Endowment,widow
59,male,1200000,30,35,3126.03,Monthly,rural,yes,Endowment,widow
23,male,700000,30,45,3343.58,Half_yearly,urban,yes,ULIP,unmarried
45,female,200000,15,20,1594.92,Yearly,urban,yes,Endowment,unmarried
45,female,700000,25,40,2914.57,Half_yearly,rural,no,Endowment,unmarried
37,female,400000,15,25,2041.65,Yearly,rural,yes,Term,unmarried
47,female,200000,15,20,2750.13,Half_yearly,urban,yes,ULIP,unmarried
28,male,400000,25,30,2391.03,Quarterly,urban,no,Term,unmarried
45,male,400000,5,10,2403.8,Yearly,rural,yes,Term,widow
42,male,200000,15,30,3064.44,Half_yearly,urban,yes,ULIP,unmarried
56,female,1200000,15,25,2661.98,Monthly,urban,no,Term,unmarried
50,male,700000,20,25,2807.91,Monthly,rural,no,Endowment,widow
18,male,700000,25,30,2609.94,Half_yearly,rural,yes,Term,married
44,female,400000,10,15,2666.21,Quarterly,semi-urban,no,ULIP,unmarried
30,female,400000,5,10,3364.67,Yearly,rural,yes,Endowment,widow
58,male,700000,5,15,2397.38,Half_yearly,urban,yes,Endowment,widow
20,male,400000,25,40,1801.3,Monthly,rural,yes,Endowment,married
56,male,200000,30,40,1795.34,Yearly,rural,yes,Endowment,unmarried
23,male,400000,30,35,2283.59,Monthly,rural,yes,Term,unmarried
25,male,700000,20,30,2732.12,Monthly,semi-urban,no,Term,unmarried
44,male,400000,20,25,2457.26,Half_yearly,semi-urban,no,Endowment,widow
26,female,200000,25,40,3101.33,Monthly,urban,yes,ULIP,unmarried
54,female,700000,20,35,3512.42,Yearly,semi-urban,no,Endowment,unmarried
50,female,200000,5,20,2851.47,Quarterly,rural,no,Term,unmarried
59,male,400000,5,10,3657.22,Half_yearly,semi-urban,yes,Endowment,unmarried
41,female,200000,10,20,2612.05,Yearly,rural,no,Term,married
32,male,400000,30,45,2954.18,Half_yearly,semi-urban,no,Endowment,married
49,male,700000,25,30,3102.39,Monthly,semi-urban,yes,ULIP,married
49,female,400000,15,20,2720.45,Monthly,semi-urban,yes,Endowment,unmarried
41,male,200000,30,40,2397.2,Yearly,rural,yes,ULIP,unmarried
58,male,1200000,15,30,3001.57,Yearly,semi-urban,yes,ULIP,widow
29,female,1200000,10,15,2576.61,Quarterly,rural,yes,Endowment,widow
56,female,1200000,10,20,3134.67,Yearly,rural,yes,ULIP,widow
19,female,200000,20,35,2482.89,Yearly,urban,yes,ULIP,unmarried
20,male,400000,10,20,2436.13,Half_yearly,semi-urban,no,Term,married
54,female,1200000,10,20,2667.33,Monthly,urban,yes,Term,married
34,female,700000,15,20,2617.06,Yearly,urban,no,ULIP,married
19,male,200000,20,25,2091.0,Quarterly,rural,no,Endowment,unmarried
19,female,200000,10,15,2168.82,Yearly,semi-urban,yes,ULIP,married
45,female,400000,30,40,2645.46,Monthly,rural,no,Endowment,widow
40,female,1200000,10,15,3553.13,Yearly,rural,no,Term,widow
54,male,400000,20,30,2149.97,Half_yearly,semi-urban,no,Endowment,married
49,male,400000,25,35,2890.56,Monthly,rural,yes,ULIP,widow
50,male,200000,20,25,2765.82,Yearly,semi-urban,no,ULIP,married
18,male,700000,15,30,2860.15,Half_yearly,semi-urban,no,ULIP,married
36,female,700000,25,40,3032.38,Monthly,rural,yes,ULIP,widow
19,male,400000,30,45,2892.12,Yearly,rural,no,ULIP,widow
43,male,700000,5,15,2151.18,Half_yearly,urban,no,Endowment,widow
49,female,1200000,20,30,3727.37,Quarterly,rural,no,ULIP,widow
23,female,200000,15,25,1804.97,Half_yearly,semi-urban,no,Term,married
49,female,400000,30,35,2053.65,Quarterly,urban,no,ULIP,widow
21,male,400000,25,35,2498.14,Yearly,semi-urban,yes,Endowment,widow
28,male,700000,30,35,1627.98,Half_yearly,urban,no,ULIP,unmarried
34,male,400000,20,25,2487.81,Quarterly,rural,yes,ULIP,widow
55,female,700000,10,25,3190.89,Monthly,rural,no,Endowment,widow
41,female,700000,20,35,1877.04,Half_yearly,rural,yes,ULIP,married
22,male,400000,5,20,2944.5,Yearly,semi-urban,yes,Endowment,married
51,female,1200000,20,25,2850.61,Monthly,urban,yes,ULIP,unmarried
23,female,400000,25,30,2503.43,Quarterly,semi-urban,no,Term,widow
39,female,200000,25,30,1923.21,Half_yearly,urban,no,ULIP,widow
28,male,700000,20,30,2986.46,Half_yearly,rural,no,Endowment,widow
33,female,700000,25,30,3212.47,Yearly,semi-urban,no,Term,widow
50,female,400000,10,25,2723.51,Monthly,rural,no,Endowment,widow
26,male,1200000,30,45,3198.01,Half_yearly,semi-urban,yes,ULIP,widow
23,male,1200000,20,25,2962.07,Half_yearly,rural,yes,Term,unmarried
33,female,400000,10,15,2365.35,Monthly,semi-urban,yes,Endowment,widow
46,female,1200000,30,45,3527.99,Half_yearly,semi-urban,no,Term,widow
20,male,200000,30,35,2545.13,Monthly,urban,no,Term,widow
37,male,200000,10,25,2475.41,Monthly,rural,yes,Endowment,unmarried
53,female,200000,15,25,1558.71,Monthly,urban,no,Term,widow
36,female,1200000,20,35,3188.49,Yearly,urban,no,Endowment,unmarried
43,female,700000,30,40,2383.29,Monthly,rural,yes,Term,married
20,female,200000,30,35,2532.46,Monthly,semi-urban,yes,Term,widow
36,male,400000,25,30,2017.51,Quarterly,urban,no,Term,unmarried
37,female,700000,30,40,2926.03,Quarterly,rural,no,ULIP,married
49,female,200000,10,15,2058.91,Yearly,semi-urban,yes,ULIP,unmarried
24,male,1200000,30,40,2260.45,Monthly,urban,no,Endowment,unmarried
58,female,700000,15,20,3165.48,Quarterly,urban,yes,Term,married
50,male,400000,20,35,2387.36,Quarterly,urban,yes,Endowment,widow
57,female,1200000,20,25,3837.99,Half_yearly,semi-urban,yes,ULIP,widow
56,female,400000,30,45,1567.35,Monthly,urban,no,ULIP,unmarried
35,male,1200000,5,20,3054.24,Quarterly,semi-urban,yes,ULIP,married
57,male,700000,5,15,2591.8,Yearly,urban,yes,ULIP,widow
18,female,700000,10,15,2835.1,Half_yearly,rural,no,Endowment,unmarried
28,female,200000,5,15,1537.41,Half_yearly,urban,yes,Term,married
45,female,1200000,10,15,3472.02,Monthly,rural,no,Endowment,unmarried
42,male,400000,25,40,3355.83,Monthly,rural,no,Term,married
40,female,200000,10,25,2437.27,Half_yearly,rural,no,ULIP,widow
48,male,200000,5,10,2246.44,Yearly,semi-urban,yes,Term,widow
47,male,400000,30,35,1711.27,Monthly,rural,yes,ULIP,unmarried
59,female,400000,25,35,2012.88,Monthly,urban,no,Endowment,widow
52,male,700000,5,10,2672.08,Half_yearly,semi-urban,no,Term,widow
24,female,1200000,10,15,2935.11,Half_yearly,rural,no,Endowment,married
33,female,200000,15,20,2713.13,Monthly,semi-urban,yes,ULIP,widow
43,female,700000,20,30,2966.85,Quarterly,semi-urban,no,Endowment,married
19,female,200000,5,10,3546.19,Monthly,semi-urban,no,ULIP,married
18,female,1200000,10,25,2709.57,Quarterly,urban,no,ULIP,unmarried
29,male,700000,25,35,2716.56,Half_yearly,rural,yes,ULIP,married
22,male,400000,5,15,1708.25,Quarterly,semi-urban,no,Endowment,widow
54,female,700000,5,20,1588.78,Yearly,semi-urban,yes,Endowment,married
49,female,400000,20,35,2761.36,Half_yearly,semi-urban,yes,Term,married
26,male,400000,10,25,2648.31,Monthly,rural,no,Term,unmarried
58,male,700000,15,20,2272.7,Monthly,semi-urban,no,Endowment,widow
52,male,400000,25,40,2446.51,Half_yearly,semi-urban,no,Endowment,widow
36,male,400000,10,15,2085.37,Half_yearly,urban,yes,Endowment,widow
33,female,400000,25,35,2152.9,Yearly,rural,yes,Endowment,married
20,female,700000,5,15,2539.86,Half_yearly,urban,yes,ULIP,widow
37,male,400000,20,35,1951.72,Monthly,rural,no,ULIP,widow
41,female,200000,20,25,1841.68,Yearly,rural,yes,ULIP,married
50,male,700000,30,45,2355.78,Monthly,rural,no,Endowment,unmarried
41,female,700000,15,30,2911.44,Quarterly,urban,no,ULIP,unmarried
28,male,200000,20,25,812.89,Half_yearly,urban,no,ULIP,married
25,female,200000,5,20,2086.19,Quarterly,urban,yes,Term,unmarried
53,male,200000,15,25,1656.16,Monthly,urban,yes,Term,unmarried
55,male,400000,10,25,1874.22,Quarterly,semi-urban,yes,ULIP,unmarried
57,female,400000,20,25,2137.17,Quarterly,semi-urban,no,ULIP,widow
37,male,700000,15,20,2692.83,Monthly,semi-urban,yes,ULIP,unmarried
52,female,700000,5,15,2592.79,Monthly,rural,yes,Endowment,widow
42,female,700000,30,35,2167.97,Half_yearly,semi-urban,no,Term,unmarried
52,male,400000,25,30,2760.85,Quarterly,rural,no,Term,widow
42,female,700000,25,35,2248.7,Yearly,urban,yes,Term,married
46,female,400000,5,20,2032.65,Yearly,rural,no,ULIP,married
35,female,1200000,5,15,3342.25,Monthly,rural,yes,Endowment,unmarried
35,female,700000,25,40,2860.18,Monthly,semi-urban,no,Term,widow
19,female,200000,30,40,1894.15,Quarterly,urban,no,Term,married
52,male,700000,15,30,1231.92,Monthly,urban,yes,Endowment,married
33,female,400000,25,35,1957.25,Yearly,semi-urban,no,ULIP,married
58,female,700000,5,20,2780.94,Half_yearly,urban,no,ULIP,married
53,female,200000,20,30,2544.3,Half_yearly,urban,no,Term,unmarried
50,female,200000,10,25,2160.35,Quarterly,urban,yes,Term,widow
21,female,1200000,30,40,2960.51,Half_yearly,semi-urban,no,Endowment,married
50,male,200000,30,35,3346.61,Monthly,urban,no,Term,unmarried
31,female,700000,20,35,2513.76,Monthly,rural,yes,Endowment,married
38,male,400000,20,30,2706.12,Monthly,rural,yes,Term,married
37,male,700000,5,20,2032.47,Monthly,urban,no,Term,married
25,male,700000,25,40,2154.92,Quarterly,semi-urban,no,Term,married
24,male,400000,15,25,2723.66,Half_yearly,semi-urban,no,ULIP,unmarried
20,female,400000,30,45,2922.28,Yearly,semi-urban,yes,Endowment,widow
34,male,200000,30,40,2005.14,Half_yearly,urban,no,Endowment,unmarried
50,male,200000,20,25,1275.68,Monthly,urban,yes,ULIP,unmarried
29,female,400000,25,40,2316.22,Yearly,rural,yes,ULIP,unmarried
39,female,700000,30,35,2794.7,Quarterly,semi-urban,no,ULIP,married
39,female,1200000,15,30,3249.41,Monthly,rural,no,Endowment,widow
47,male,1200000,20,35,2918.31,Monthly,rural,yes,Term,married
55,female,700000,15,30,2623.56,Yearly,semi-urban,no,ULIP,unmarried
55,female,700000,25,35,2325.11,Quarterly,urban,no,ULIP,married
25,male,700000,30,35,2144.08,Yearly,urban,yes,ULIP,widow
44,female,400000,10,25,2777.83,Quarterly,rural,no,Term,widow
44,female,1200000,30,40,3248.9,Monthly,rural,yes,Term,married
51,female,700000,25,40,2624.66,Half_yearly,rural,no,ULIP,unmarried
38,female,400000,30,40,2146.43,Monthly,rural,yes,Term,married
47,male,200000,30,45,2109.91,Half_yearly,semi-urban,yes,ULIP,unmarried
50,female,400000,5,10,2480.16,Half_yearly,rural,no,Term,widow
45,female,400000,30,35,3264.34,Quarterly,rural,yes,Endowment,married
50,male,1200000,30,45,3527.27,Yearly,urban,yes,Endowment,widow
22,female,400000,15,25,2066.85,Quarterly,urban,no,Term,unmarried
36,male,400000,10,25,2072.12,Monthly,urban,no,Endowment,unmarried
21,female,1200000,15,25,2794.16,Yearly,semi-urban,no,Endowment,married
52,male,200000,15,30,2099.74,Half_yearly,semi-urban,yes,Endowment,married
34,male,400000,20,30,1993.77,Half_yearly,urban,yes,ULIP,married
45,male,200000,5,10,2437.41,Monthly,urban,yes,Term,widow
47,male,700000,15,30,1378.24,Yearly,rural,no,Term,unmarried
46,female,1200000,25,30,3467.58,Monthly,rural,yes,Term,unmarried
23,male,400000,25,30,2537.69,Monthly,semi-urban,yes,Endowment,widow
52,female,1200000,30,45,3831.37,Quarterly,semi-urban,no,ULIP,married
58,male,400000,20,35,2838.39,Monthly,rural,yes,Term,married
54,male,1200000,5,15,2858.15,Yearly,urban,no,Endowment,widow
41,male,700000,5,15,3082.15,Monthly,rural,no,ULIP,unmarried
46,female,700000,30,35,2615.97,Yearly,semi-urban,no,ULIP,unmarried
48,male,200000,25,35,1232.85,Half_yearly,semi-urban,yes,Term,unmarried
52,female,1200000,10,20,3279.42,Monthly,rural,yes,Term,unmarried
50,female,700000,20,35,2387.87,Yearly,rural,yes,Endowment,widow
38,female,400000,30,40,2400.11,Half_yearly,rural,no,Term,unmarried
49,female,700000,20,25,3525.72,Yearly,semi-urban,no,Endowment,widow
40,female,400000,25,35,2512.39,Half_yearly,urban,no,ULIP,married
50,female,1200000,25,30,2691.33,Quarterly,rural,yes,ULIP,widow
20,female,200000,10,25,2682.21,Monthly,semi-urban,yes,ULIP,unmarried
35,female,700000,10,15,2881.27,Monthly,semi-urban,yes,ULIP,married
42,female,400000,5,15,1832.42,Half_yearly,semi-urban,yes,Term,widow
59,male,200000,20,35,1396.88,Quarterly,rural,yes,Term,widow
48,male,200000,20,30,1711.33,Yearly,rural,no,Endowment,widow
20,male,200000,25,40,2618.15,Quarterly,urban,yes,Endowment,married
57,male,400000,5,20,2249.2,Yearly,semi-urban,no,Endowment,widow
41,male,400000,30,40,2440.57,Yearly,rural,no,Endowment,unmarried
49,female,400000,20,30,1730.74,Monthly,semi-urban,yes,Endowment,married
39,female,400000,5,20,2831.61,Half_yearly,semi-urban,no,ULIP,married
40,female,400000,5,20,1392.41,Monthly,urban,yes,ULIP,widow
19,female,700000,25,35,2372.31,Monthly,rural,yes,ULIP,unmarried
44,female,200000,5,10,2409.23,Monthly,rural,no,Endowment,married
59,female,1200000,10,20,2638.68,Yearly,semi-urban,yes,ULIP,widow
19,female,1200000,10,25,3507.06,Monthly,semi-urban,yes,ULIP,unmarried
43,male,700000,15,25,2265.4,Yearly,urban,no,ULIP,widow
34,male,400000,25,30,1786.96,Half_yearly,urban,no,ULIP,widow
57,male,1200000,30,40,3843.24,Yearly,urban,no,Term,married
50,male,200000,15,30,2276.97,Yearly,urban,no,Endowment,married
26,female,200000,10,20,2459.52,Quarterly,urban,no,Endowment,widow
60,female,200000,15,30,2709.1,Monthly,urban,no,Term,married
56,female,700000,25,40,1390.35,Monthly,semi-urban,yes,ULIP,married
46,male,200000,25,35,2517.39,Monthly,urban,yes,ULIP,unmarried
59,female,400000,5,20,2019.49,Monthly,semi-urban,yes,ULIP,unmarried
43,female,1200000,20,35,2885.36,Quarterly,semi-urban,no,Endowment,widow
52,female,1200000,5,10,3418.72,Quarterly,rural,yes,Endowment,widow
42,male,400000,25,30,2218.48,Quarterly,semi-urban,no,Endowment,widow
41,female,200000,10,15,2497.26,Quarterly,semi-urban,yes,Endowment,widow
30,male,700000,30,35,2679.58,Monthly,urban,no,Endowment,unmarried
24,male,400000,10,25,2484.1,Yearly,semi-urban,yes,Term,married
53,male,200000,5,15,1954.89,Half_yearly,urban,no,Endowment,unmarried
37,male,200000,30,45,1667.53,Quarterly,urban,no,ULIP,widow
18,female,1200000,25,40,2829.84,Yearly,urban,no,Endowment,widow
25,male,700000,10,25,2648.59,Quarterly,rural,no,Term,unmarried
33,male,700000,25,35,3618.62,Monthly,urban,yes,ULIP,unmarried
31,female,1200000,30,35,3935.95,Monthly,semi-urban,yes,Term,widow
29,female,400000,30,45,2073.35,Yearly,urban,no,ULIP,married
40,male,400000,10,25,2430.13,Yearly,urban,no,Endowment,widow
32,female,400000,25,30,2256.14,Yearly,urban,no,Term,unmarried
45,male,400000,15,30,2465.13,Monthly,rural,yes,ULIP,widow
51,male,400000,25,35,2529.46,Monthly,semi-urban,no,Endowment,widow
19,male,700000,30,45,2963.76,Half_yearly,rural,no,ULIP,married
49,male,700000,25,40,1249.43,Yearly,semi-urban,yes,Term,widow
40,female,1200000,5,10,3383.25,Half_yearly,rural,no,Term,widow
39,male,400000,15,30,2200.54,Quarterly,semi-urban,no,Term,widow
42,female,700000,20,35,2347.53,Half_yearly,rural,yes,Term,unmarried
39,female,700000,5,15,3097.13,Quarterly,urban,no,Endowment,unmarried
39,female,400000,20,25,3133.41,Quarterly,rural,no,ULIP,married
59,female,700000,10,15,3044.5,Half_yearly,rural,yes,Endowment,widow
23,male,200000,20,30,1940.72,Yearly,urban,no,Term,unmarried
32,female,400000,25,40,1862.0,Quarterly,urban,yes,ULIP,married
60,male,200000,20,25,696.88,Yearly,semi-urban,no,Term,widow
54,female,400000,30,35,2491.26,Monthly,semi-urban,no,Endowment,married
50,female,400000,5,20,2689.51,Quarterly,semi-urban,no,Endowment,married
25,male,700000,5,20,2649.07,Monthly,rural,no,Endowment,married
22,male,1200000,20,25,3666.87,Half_yearly,semi-urban,no,ULIP,married
56,male,700000,5,20,2039.9,Yearly,rural,yes,ULIP,married
21,female,700000,30,35,2614.38,Half_yearly,rural,no,Term,married
23,female,400000,5,20,2274.85,Quarterly,semi-urban,no,ULIP,married
49,male,700000,20,35,2644.95,Monthly,semi-urban,yes,ULIP,widow
47,male,200000,15,25,2783.97,Quarterly,rural,yes,Endowment,widow
52,male,400000,15,30,2347.58,Half_yearly,urban,no,Term,married
57,male,400000,10,20,2252.6,Yearly,urban,yes,Endowment,widow
33,female,400000,5,20,1931.65,Yearly,rural,no,Term,married
30,male,200000,20,25,2864.29,Quarterly,semi-urban,yes,Term,widow
59,male,200000,5,10,1484.4,Quarterly,rural,yes,ULIP,unmarried
47,male,400000,25,40,2123.5,Monthly,rural,no,Endowment,married
36,male,1200000,30,45,4046.97,Half_yearly,semi-urban,yes,ULIP,unmarried
34,female,400000,5,10,2634.12,Quarterly,urban,no,ULIP,married
36,male,400000,5,20,2389.91,Monthly,rural,yes,ULIP,married
45,female,200000,15,25,2210.85,Quarterly,urban,yes,Term,unmarried
43,male,700000,30,40,2226.81,Yearly,urban,yes,Endowment,unmarried
54,male,400000,20,30,2365.74,Monthly,semi-urban,no,Endowment,unmarried
43,female,200000,5,15,2025.07,Monthly,rural,no,ULIP,married
40,male,400000,15,25,2489.81,Quarterly,rural,yes,Term,unmarried
26,female,200000,10,25,1446.88,Half_yearly,urban,no,Endowment,unmarried
29,female,200000,30,45,2398.93,Yearly,urban,no,Endowment,widow
18,male,200000,15,25,2708.31,Half_yearly,semi-urban,no,ULIP,widow
18,female,200000,15,30,2098.09,Monthly,urban,yes,Term,unmarried
51,female,200000,15,30,2523.55,Half_yearly,semi-urban,no,ULIP,unmarried
49,female,400000,5,15,2555.17,Monthly,rural,yes,Endowment,unmarried
42,female,700000,5,20,2396.13,Half_yearly,semi-urban,yes,Term,unmarried
57,female,400000,10,25,1870.74,Quarterly,urban,yes,ULIP,widow
18,female,400000,25,40,1940.81,Half_yearly,rural,yes,Endowment,married
33,female,400000,25,35,2546.45,Monthly,semi-urban,yes,ULIP,unmarried
56,female,1200000,25,40,3171.93,Yearly,rural,no,ULIP,unmarried
22,male,400000,30,35,3037.55,Yearly,semi-urban,no,ULIP,widow
39,male,200000,30,35,2595.44,Yearly,urban,yes,Term,unmarried
46,female,700000,10,20,3094.39,Monthly,urban,no,Endowment,unmarried
20,male,200000,30,35,2331.54,Half_yearly,rural,no,Endowment,widow
29,female,400000,25,35,1918.9,Yearly,rural,no,Endowment,unmarried
43,female,400000,25,30,2562.67,Yearly,rural,no,Endowment,unmarried
33,male,1200000,15,20,3231.93,Yearly,semi-urban,no,Term,widow
54,female,400000,30,35,1830.81,Quarterly,urban,no,ULIP,married
39,female,700000,5,15,3304.97,Monthly,rural,no,Endowment,unmarried
46,female,1200000,5,15,3751.14,Monthly,rural,yes,Term,unmarried
31,female,200000,15,30,1627.93,Monthly,rural,yes,ULIP,married
45,male,400000,15,25,2081.1,Monthly,semi-urban,yes,Term,widow
22,female,400000,15,20,2125.02,Monthly,rural,no,Term,married
47,female,400000,5,10,2704.93,Quarterly,rural,no,Endowment,unmarried
22,female,400000,25,35,2647.36,Half_yearly,semi-urban,yes,Endowment,married
29,male,1200000,15,25,3222.2,Quarterly,semi-urban,no,ULIP,widow
33,female,700000,10,20,2836.93,Yearly,rural,no,ULIP,unmarried
43,male,700000,15,30,2056.18,Quarterly,rural,yes,Endowment,widow
43,male,400000,20,25,2590.68,Monthly,semi-urban,yes,Term,widow
38,female,700000,15,30,2649.56,Quarterly,urban,yes,Endowment,married
56,female,1200000,5,20,2860.48,Monthly,semi-urban,no,ULIP,married
53,male,700000,30,35,1933.75,Quarterly,urban,no,Term,widow
50,female,200000,15,20,2213.48,Monthly,rural,no,Term,widow
47,male,700000,30,40,2878.48,Yearly,rural,yes,Term,unmarried
54,male,200000,20,30,1348.76,Monthly,urban,yes,Endowment,widow
40,female,400000,10,25,2409.24,Quarterly,semi-urban,no,Endowment,widow
27,female,200000,30,40,2261.12,Yearly,rural,yes,ULIP,married
22,male,700000,25,35,2422.89,Quarterly,urban,yes,Term,widow
53,male,700000,15,20,2889.92,Yearly,semi-urban,no,Term,widow
51,male,200000,20,25,2133.67,Half_yearly,urban,yes,Endowment,married
48,male,400000,20,30,2541.59,Half_yearly,semi-urban,yes,ULIP,unmarried
27,female,400000,30,35,2667.12,Half_yearly,semi-urban,yes,ULIP,married
36,female,400000,10,20,2667.4,Quarterly,semi-urban,no,Term,married
49,female,200000,5,10,2708.41,Quarterly,semi-urban,no,Endowment,widow
18,female,400000,15,20,2569.16,Yearly,urban,yes,Term,widow
22,female,700000,20,25,2461.48,Yearly,urban,no,Endowment,unmarried
21,male,200000,10,15,1876.1,Yearly,urban,no,ULIP,widow
33,female,200000,25,35,1668.35,Yearly,urban,no,Term,unmarried
41,female,400000,20,35,2475.59,Monthly,urban,yes,Term,unmarried
33,female,1200000,10,15,3860.66,Half_yearly,semi-urban,no,Term,unmarried
19,female,700000,5,15,2520.77,Monthly,rural,yes,ULIP,unmarried
45,female,700000,5,15,2924.8,Monthly,rural,yes,Term,widow
49,male,400000,20,25,2023.86,Monthly,urban,no,ULIP,married
44,male,400000,20,35,2497.4,Monthly,urban,yes,Endowment,married
37,male,200000,30,35,2829.67,Half_yearly,rural,no,ULIP,widow
41,female,700000,15,25,3043.12,Monthly,semi-urban,no,Endowment,widow
29,male,1200000,10,25,2414.59,Yearly,urban,yes,ULIP,unmarried
52,male,700000,20,30,2985.35,Quarterly,semi-urban,yes,ULIP,widow
50,female,1200000,15,20,3508.11,Yearly,rural,no,Term,married
50,female,700000,30,45,2786.74,Quarterly,rural,no,ULIP,widow
60,female,200000,15,25,2533.76,Yearly,urban,no,Term,widow
54,male,1200000,20,30,2783.25,Yearly,semi-urban,no,Endowment,unmarried
29,male,200000,5,15,2231.63,Quarterly,urban,yes,Endowment,unmarried
20,female,400000,10,15,2955.09,Half_yearly,rural,yes,Term,unmarried
18,female,200000,10,25,2709.97,Monthly,semi-urban,yes,Endowment,unmarried
50,male,200000,5,10,2474.02,Yearly,urban,no,ULIP,married
57,male,400000,20,25,1958.5,Half_yearly,urban,yes,Term,widow
27,female,400000,10,15,1879.77,Monthly,urban,yes,Term,widow
60,female,400000,20,35,2457.27,Half_yearly,rural,yes,Term,unmarried
46,male,400000,30,35,2490.39,Half_yearly,urban,yes,Endowment,married
30,female,200000,20,25,2149.81,Monthly,semi-urban,no,Endowment,married
29,male,200000,15,20,1797.61,Yearly,urban,yes,ULIP,widow
48,male,400000,5,10,2618.48,Half_yearly,rural,yes,ULIP,unmarried
19,male,400000,20,30,2455.08,Yearly,urban,yes,Term,widow
52,male,700000,30,35,2844.91,Yearly,rural,yes,ULIP,widow
40,female,700000,25,35,2996.72,Yearly,rural,no,Endowment,married
34,female,700000,5,10,2563.18,Monthly,semi-urban,no,ULIP,married
43,male,700000,10,25,2455.62,Quarterly,semi-urban,yes,Endowment,widow
25,male,400000,15,25,2953.78,Yearly,urban,no,ULIP,unmarried
46,male,700000,10,20,2321.32,Quarterly,rural,no,Endowment,unmarried
43,male,400000,30,40,2165.41,Quarterly,rural,no,Endowment,widow
27,male,400000,30,40,3017.12,Half_yearly,semi-urban,no,ULIP,widow
43,female,700000,10,25,2426.49,Yearly,semi-urban,yes,ULIP,unmarried
51,female,400000,5,10,2350.69,Yearly,urban,no,Endowment,unmarried
58,female,700000,10,20,2494.02,Yearly,rural,no,Term,unmarried
24,female,700000,20,35,1808.39,Quarterly,semi-urban,yes,ULIP,widow
21,male,1200000,10,20,3138.35,Monthly,urban,yes,Endowment,married
28,male,1200000,15,20,2694.69,Quarterly,rural,yes,ULIP,unmarried
46,male,400000,15,25,2527.29,Yearly,rural,yes,ULIP,unmarried
53,male,400000,25,40,2952.82,Yearly,semi-urban,no,ULIP,unmarried
42,male,400000,15,20,1292.91,Yearly,urban,yes,ULIP,widow
38,female,400000,10,25,2196.54,Quarterly,semi-urban,no,ULIP,married
53,male,700000,15,20,2926.16,Yearly,urban,no,Term,married
27,female,700000,5,10,1608.33,Half_yearly,rural,yes,Term,unmarried
54,female,700000,15,20,3368.13,Yearly,urban,yes,Term,widow
26,female,400000,20,30,2589.95,Monthly,urban,no,Endowment,married
41,female,200000,5,20,2741.61,Half_yearly,urban,no,Term,widow
52,male,400000,25,40,2118.03,Yearly,urban,yes,Term,married
52,female,200000,20,35,1978.34,Half_yearly,urban,yes,Endowment,unmarried
53,female,1200000,10,15,3119.53,Yearly,semi-urban,yes,Term,widow
35,female,400000,10,20,3469.1,Monthly,urban,no,ULIP,unmarried
56,male,200000,10,15,2859.05,Yearly,urban,no,Term,married
49,male,200000,20,35,2266.17,Half_yearly,rural,yes,Term,married
41,male,700000,20,30,2827.2,Monthly,urban,no,Term,unmarried
40,female,700000,20,30,3017.45,Quarterly,rural,yes,ULIP,married
49,female,400000,5,15,3595.78,Monthly,semi-urban,no,ULIP,unmarried
54,male,200000,30,45,2391.36,Monthly,semi-urban,no,ULIP,unmarried
29,female,400000,5,15,2422.98,Monthly,urban,yes,ULIP,unmarried
30,male,400000,10,20,2230.7,Half_yearly,semi-urban,yes,Endowment,married
40,male,700000,30,35,2817.46,Monthly,urban,yes,ULIP,widow
42,female,700000,15,20,2406.49,Yearly,semi-urban,no,ULIP,unmarried
52,female,400000,10,20,2648.05,Monthly,urban,no,ULIP,widow
58,female,200000,25,35,1483.7,Monthly,urban,yes,ULIP,married
47,female,1200000,5,10,3069.75,Yearly,rural,no,Endowment,married
34,male,400000,20,25,2767.32,Yearly,rural,yes,Term,widow
37,male,700000,5,10,2884.56,Quarterly,rural,no,Term,unmarried
42,male,200000,20,35,1968.69,Monthly,rural,yes,ULIP,married
39,male,400000,30,45,2283.99,Half_yearly,urban,no,ULIP,unmarried
30,male,200000,25,30,2717.67,Monthly,semi-urban,no,ULIP,unmarried
36,female,400000,30,40,1794.8,Monthly,urban,no,Term,widow
53,male,1200000,25,30,2597.7,Yearly,rural,no,Term,married
29,male,400000,5,20,1935.18,Quarterly,rural,yes,ULIP,widow
58,male,200000,20,30,2194.66,Monthly,semi-urban,no,Term,married
36,female,200000,30,45,1521.63,Half_yearly,rural,yes,Endowment,widow
29,female,400000,25,35,2876.5,Monthly,urban,yes,ULIP,married
26,female,200000,10,25,1737.85,Half_yearly,urban,yes,ULIP,married
24,female,200000,10,20,2312.18,Yearly,urban,yes,Endowment,married
45,male,700000,30,40,2410.46,Quarterly,urban,no,Endowment,unmarried
31,male,400000,20,30,2367.25,Monthly,urban,yes,Term,unmarried
48,female,400000,30,40,1598.33,Quarterly,semi-urban,no,Endowment,widow
36,female,1200000,5,20,3700.66,Monthly,urban,no,ULIP,widow
33,male,200000,25,40,1719.25,Half_yearly,rural,no,Term,married
22,male,1200000,5,15,2666.89,Quarterly,rural,no,Endowment,married
52,female,400000,10,20,3589.5,Monthly,rural,yes,Term,unmarried
29,female,1200000,25,40,3477.15,Yearly,rural,no,Term,unmarried
42,female,700000,30,40,3181.21,Half_yearly,semi-urban,yes,Term,unmarried
38,female,700000,5,15,2929.45,Quarterly,rural,no,Term,widow
53,male,1200000,15,25,2973.76,Monthly,semi-urban,no,Endowment,unmarried
40,male,400000,20,25,1746.58,Quarterly,rural,yes,ULIP,widow
33,male,1200000,20,30,3050.59,Monthly,semi-urban,no,ULIP,unmarried
56,female,400000,15,20,1910.92,Half_yearly,semi-urban,no,Endowment,unmarried
59,female,400000,10,20,1940.94,Yearly,semi-urban,no,ULIP,married
56,male,400000,25,40,1608.41,Half_yearly,rural,no,Term,widow
31,male,400000,20,25,2457.24,Quarterly,semi-urban,no,Term,unmarried
48,male,200000,15,20,2986.71,Quarterly,urban,yes,Term,married
22,male,400000,30,40,2679.07,Monthly,urban,no,Endowment,widow
52,female,400000,15,25,2347.1,Half_yearly,rural,no,Term,widow
40,male,700000,10,15,2679.71,Monthly,urban,yes,Term,unmarried
46,male,700000,10,25,1176.11,Half_yearly,urban,no,Endowment,widow
60,male,400000,5,20,2188.08,Quarterly,urban,yes,Term,married
28,male,400000,20,30,1686.66,Monthly,rural,no,Term,married
35,male,400000,5,20,2467.21,Monthly,rural,no,ULIP,widow
29,male,200000,15,30,2070.01,Half_yearly,urban,yes,Endowment,married
26,male,200000,25,35,1765.35,Yearly,rural,no,Term,widow
27,female,400000,25,40,2455.95,Half_yearly,semi-urban,no,Term,married
34,female,400000,10,20,2451.64,Yearly,urban,yes,Term,widow
55,female,1200000,25,30,3959.31,Half_yearly,rural,yes,Term,widow
24,female,400000,25,35,2743.21,Quarterly,rural,no,ULIP,widow
30,male,400000,25,30,2508.49,Monthly,urban,yes,ULIP,married
57,female,400000,15,20,1926.24,Half_yearly,rural,no,ULIP,widow
59,female,200000,25,40,1663.28,Quarterly,urban,yes,ULIP,widow
26,male,400000,30,45,2699.42,Half_yearly,rural,no,Endowment,unmarried
44,male,700000,25,40,2599.97,Monthly,semi-urban,yes,Term,unmarried
19,female,400000,25,35,2524.68,Half_yearly,urban,yes,ULIP,widow
22,female,400000,5,20,2889.0,Yearly,semi-urban,yes,Term,unmarried
46,male,1200000,15,20,2443.43,Monthly,urban,yes,Endowment,widow
54,female,1200000,10,25,3898.52,Yearly,rural,yes,Term,unmarried
55,male,700000,5,20,3184.69,Quarterly,semi-urban,yes,Term,married
36,male,400000,20,30,1372.78,Quarterly,rural,yes,ULIP,married
25,male,700000,15,25,3876.55,Half_yearly,urban,yes,ULIP,widow
18,male,200000,30,35,2360.69,Yearly,urban,yes,Endowment,widow
39,female,400000,15,25,2160.73,Yearly,urban,no,Term,married
34,male,200000,20,35,2459.53,Monthly,urban,yes,ULIP,married
24,male,400000,20,30,1911.26,Yearly,urban,no,ULIP,unmarried
42,female,400000,20,25,2673.06,Yearly,semi-urban,yes,ULIP,widow
21,male,200000,10,25,1803.25,Monthly,urban,no,Endowment,married
53,female,1200000,25,30,4210.18,Monthly,rural,no,Term,married
23,female,1200000,15,25,3230.05,Yearly,semi-urban,yes,ULIP,widow
48,female,700000,25,35,3024.91,Half_yearly,rural,yes,Term,unmarried
36,male,400000,25,30,2006.97,Monthly,urban,no,Endowment,unmarried
56,female,1200000,30,45,3608.25,Monthly,rural,no,Term,unmarried
44,female,200000,20,30,2193.71,Yearly,semi-urban,yes,ULIP,unmarried
27,male,700000,10,20,1994.07,Yearly,semi-urban,yes,Term,married
43,female,200000,30,45,2080.62,Monthly,semi-urban,yes,Term,widow
36,female,700000,5,15,3665.56,Yearly,rural,no,Endowment,widow
56,female,400000,10,15,2829.49,Monthly,semi-urban,yes,Endowment,married
20,female,1200000,25,35,3010.51,Half_yearly,rural,yes,Term,married
30,female,1200000,10,20,2265.42,Half_yearly,urban,yes,Term,married
45,male,200000,20,35,1783.75,Monthly,urban,yes,Term,widow
37,female,400000,5,10,1696.76,Monthly,rural,yes,Endowment,widow
45,female,1200000,20,35,2277.5,Quarterly,semi-urban,no,Endowment,widow
25,male,400000,5,15,2792.8,Quarterly,rural,no,Term,unmarried
58,male,1200000,30,40,3231.19,Yearly,rural,yes,Endowment,married
56,male,400000,25,40,3297.55,Yearly,rural,yes,ULIP,married
18,female,400000,5,20,1901.18,Monthly,urban,no,Endowment,married
20,male,400000,5,20,2398.86,Monthly,rural,yes,Endowment,widow
30,female,200000,5,10,1502.91,Quarterly,urban,no,Endowment,married
45,female,700000,10,20,2402.56,Quarterly,rural,yes,ULIP,married
42,male,400000,30,45,2288.95,Monthly,urban,no,ULIP,unmarried
50,male,400000,10,20,2212.67,Half_yearly,rural,no,ULIP,widow
55,female,400000,25,30,2426.77,Half_yearly,rural,yes,Term,married
23,male,400000,5,10,2885.8,Yearly,semi-urban,no,Term,widow
49,female,1200000,30,35,3633.21,Monthly,semi-urban,yes,ULIP,widow
38,male,1200000,30,35,2815.33,Monthly,rural,no,Term,widow
33,male,400000,15,25,2384.82,Yearly,rural,yes,Term,unmarried
38,male,700000,25,30,3097.05,Quarterly,rural,yes,Term,widow
28,female,700000,30,35,3217.87,Quarterly,rural,yes,ULIP,widow
54,male,400000,5,20,2069.42,Half_yearly,semi-urban,no,Endowment,widow
53,female,1200000,5,10,3554.08,Monthly,urban,yes,ULIP,married
52,female,200000,30,45,2365.57,Quarterly,rural,yes,ULIP,unmarried
36,female,200000,10,15,1667.01,Half_yearly,semi-urban,yes,Term,married
37,female,1200000,25,30,3600.08,Half_yearly,rural,no,Term,unmarried
35,male,400000,5,20,2475.77,Half_yearly,rural,yes,Endowment,unmarried
58,female,700000,30,35,1829.3,Quarterly,urban,no,Endowment,widow
31,female,1200000,5,15,3053.07,Quarterly,rural,no,Endowment,widow
32,male,200000,30,40,2219.93,Monthly,rural,no,Endowment,married
48,female,1200000,25,30,2897.09,Monthly,urban,yes,ULIP,unmarried
18,male,400000,30,40,3014.11,Half_yearly,urban,yes,Endowment,widow
20,female,400000,15,30,3032.23,Half_yearly,urban,no,ULIP,widow
33,male,700000,30,35,2508.75,Quarterly,urban,yes,Term,widow
40,female,1200000,30,35,2953.89,Quarterly,semi-urban,yes,Endowment,widow
28,male,200000,25,40,2134.38,Monthly,semi-urban,no,Term,married
29,female,400000,30,45,2299.96,Monthly,semi-urban,no,Term,married
27,female,700000,25,40,2403.75,Yearly,rural,yes,ULIP,widow
49,male,700000,15,20,845.6,Monthly,urban,no,Endowment,widow
33,male,700000,25,40,3577.41,Quarterly,urban,yes,ULIP,widow
25,male,200000,5,20,2200.21,Half_yearly,semi-urban,no,Term,widow
55,male,400000,25,35,2310.84,Yearly,rural,yes,Endowment,widow
29,female,400000,15,25,2562.58,Monthly,rural,yes,Term,unmarried
41,female,700000,20,25,2659.97,Monthly,rural,no,Term,unmarried
45,male,400000,30,40,2184.84,Quarterly,semi-urban,yes,Endowment,unmarried
25,female,200000,25,35,1697.18,Yearly,rural,yes,Endowment,unmarried
45,male,1200000,30,45,2280.69,Monthly,rural,no,Endowment,widow
53,male,200000,10,25,1522.81,Half_yearly,rural,yes,ULIP,unmarried
43,female,1200000,5,15,2641.66,Quarterly,urban,yes,ULIP,unmarried
25,female,700000,5,15,3025.46,Yearly,semi-urban,yes,Term,married
45,female,700000,10,20,3062.31,Monthly,urban,no,Endowment,unmarried
45,female,400000,10,15,1959.1,Monthly,urban,no,Term,unmarried
54,female,200000,25,30,868.17,Yearly,semi-urban,no,Term,widow
58,female,700000,10,15,2704.56,Quarterly,urban,no,Term,unmarried
53,female,700000,20,30,2489.23,Yearly,rural,no,Term,unmarried
44,male,700000,30,40,2476.87,Yearly,rural,yes,Term,widow
34,male,200000,30,35,2677.97,Quarterly,rural,yes,Endowment,unmarried
26,male,700000,15,20,2769.33,Monthly,rural,yes,ULIP,widow
50,male,700000,10,20,2211.81,Half_yearly,semi-urban,no,Endowment,unmarried
37,male,700000,10,25,2096.79,Quarterly,urban,yes,Endowment,married
30,female,700000,20,25,2568.69,Half_yearly,urban,no,Endowment,married
45,male,700000,5,15,2246.79,Monthly,rural,yes,ULIP,unmarried
46,male,700000,5,15,2663.8,Yearly,rural,no,ULIP,married
30,male,200000,30,45,2713.07,Half_yearly,urban,yes,ULIP,widow
52,male,400000,30,40,1710.11,Monthly,semi-urban,yes,Endowment,unmarried
23,male,200000,25,35,2243.89,Monthly,urban,no,ULIP,widow
35,male,400000,20,25,2857.52,Yearly,rural,yes,Term,married
22,male,400000,15,20,2356.91,Yearly,rural,yes,ULIP,widow
42,female,200000,15,30,2560.79,Monthly,semi-urban,no,Endowment,married
19,female,400000,20,35,2256.36,Monthly,urban,yes,Endowment,married
27,male,200000,15,25,2285.41,Half_yearly,semi-urban,yes,Term,married
47,female,700000,5,10,2920.39,Monthly,semi-urban,no,ULIP,widow
22,female,1200000,15,30,2914.0,Monthly,rural,no,ULIP,married
50,female,200000,15,30,3195.34,Half_yearly,urban,no,Term,unmarried
18,female,1200000,20,35,3488.79,Quarterly,rural,no,Endowment,married
35,male,400000,20,30,3051.49,Half_yearly,urban,no,Endowment,unmarried
49,female,400000,15,20,2935.51,Half_yearly,rural,yes,ULIP,unmarried
28,female,200000,10,25,2363.64,Yearly,rural,no,ULIP,unmarried
38,female,400000,20,25,3092.89,Half_yearly,urban,no,ULIP,unmarried
43,male,700000,25,40,2793.96,Monthly,urban,yes,ULIP,widow
42,male,700000,25,40,2335.11,Monthly,rural,yes,ULIP,unmarried
39,male,200000,5,10,2207.41,Monthly,urban,yes,Endowment,married
44,male,200000,15,20,1696.92,Quarterly,rural,yes,Endowment,unmarried
30,male,400000,10,15,1349.15,Monthly,urban,yes,Endowment,married
50,male,400000,5,15,1973.73,Quarterly,rural,no,Endowment,widow
51,male,200000,15,30,2236.44,Monthly,rural,yes,Term,unmarried
58,female,400000,20,30,2930.96,Half_yearly,rural,no,Endowment,married
52,female,700000,25,30,2272.24,Yearly,semi-urban,yes,Term,widow
18,female,1200000,30,45,3705.08,Monthly,urban,no,Endowment,widow
38,male,400000,10,20,1794.66,Quarterly,rural,yes,ULIP,married
23,male,1200000,30,45,2740.24,Quarterly,semi-urban,no,ULIP,unmarried
45,male,400000,25,35,3124.58,Yearly,rural,no,ULIP,widow
34,male,400000,30,35,2423.81,Monthly,semi-urban,no,Term,married
22,male,200000,20,30,2113.19,Half_yearly,rural,no,Endowment,unmarried
48,female,700000,15,30,2817.64,Monthly,rural,no,Endowment,widow
22,female,1200000,20,35,2596.8,Monthly,semi-urban,no,Term,married
55,male,700000,30,45,2534.58,Yearly,semi-urban,no,Term,widow
20,male,400000,20,35,2401.33,Monthly,urban,no,Term,widow
40,male,700000,25,30,3315.69,Half_yearly,urban,no,Term,married
54,male,200000,10,20,1364.79,Quarterly,semi-urban,no,Term,widow
54,female,1200000,20,25,4081.5,Yearly,urban,yes,ULIP,married
27,male,400000,25,30,2337.68,Half_yearly,semi-urban,no,Endowment,unmarried
27,male,400000,10,15,1844.72,Quarterly,urban,no,Term,married
36,male,400000,15,30,1754.18,Yearly,rural,yes,ULIP,unmarried
34,male,700000,30,45,2836.57,Yearly,urban,no,Term,widow
38,female,200000,15,30,1526.4,Quarterly,rural,no,ULIP,married
31,male,700000,5,15,2419.94,Quarterly,rural,yes,Term,married
26,male,200000,25,40,2075.05,Half_yearly,urban,yes,Endowment,married
18,female,700000,10,20,3271.84,Monthly,semi-urban,no,Term,married
30,female,700000,20,35,3209.23,Monthly,rural,yes,Term,unmarried
21,female,700000,15,30,2378.5,Monthly,rural,no,Endowment,unmarried
18,male,400000,10,15,2293.66,Monthly,urban,no,Endowment,widow
57,male,400000,25,30,1602.31,Monthly,semi-urban,no,Term,widow
49,female,200000,5,10,1180.45,Half_yearly,semi-urban,yes,Endowment,widow
51,female,700000,15,25,2085.47,Yearly,urban,no,Endowment,widow
45,female,400000,30,40,2961.55,Half_yearly,semi-urban,no,ULIP,married
48,female,400000,10,25,2790.04,Half_yearly,urban,yes,Endowment,unmarried
25,female,400000,30,40,2591.72,Half_yearly,urban,no,Endowment,unmarried
56,female,200000,10,25,1471.19,Yearly,urban,no,Term,unmarried
43,male,700000,10,20,2344.17,Half_yearly,rural,no,Term,unmarried
51,male,200000,25,35,1771.09,Half_yearly,rural,no,ULIP,widow
20,male,700000,25,35,2617.0,Yearly,rural,no,Term,married
29,female,400000,25,30,2285.47,Half_yearly,urban,no,Endowment,unmarried
18,female,200000,20,30,1699.02,Monthly,rural,yes,Endowment,married
22,female,400000,10,15,2574.61,Quarterly,rural,no,Endowment,married
47,female,200000,15,20,2314.47,Half_yearly,rural,no,Term,married
47,female,400000,30,40,2035.59,Quarterly,urban,yes,Endowment,married
34,female,700000,25,40,2852.14,Half_yearly,urban,no,Endowment,unmarried
40,male,200000,25,40,2762.14,Half_yearly,urban,no,ULIP,unmarried
32,male,700000,30,45,3414.03,Monthly,rural,yes,ULIP,unmarried
54,female,200000,30,40,2445.33,Yearly,semi-urban,yes,ULIP,widow
38,male,200000,10,25,2430.63,Quarterly,rural,yes,Term,unmarried
31,female,700000,25,30,2579.93,Yearly,rural,yes,Endowment,widow
19,male,400000,30,45,2914.86,Monthly,urban,yes,Endowment,widow
28,female,200000,20,30,1664.82,Monthly,urban,yes,Endowment,widow
56,female,400000,20,35,2856.93,Quarterly,rural,yes,ULIP,unmarried
55,male,400000,25,30,2256.2,Yearly,rural,no,Endowment,unmarried
51,male,700000,30,40,3445.47,Monthly,semi-urban,no,Endowment,unmarried
55,female,400000,10,25,2694.1,Half_yearly,semi-urban,no,Endowment,widow
51,female,700000,10,20,2666.07,Half_yearly,urban,yes,Endowment,widow
35,male,1200000,10,20,3081.76,Half_yearly,semi-urban,no,Endowment,married
47,male,400000,5,15,2662.81,Yearly,semi-urban,yes,Term,widow
32,female,1200000,25,40,3438.56,Half_yearly,urban,no,Endowment,widow
44,male,400000,10,20,2200.83,Half_yearly,semi-urban,no,Term,unmarried
51,female,1200000,20,35,3245.92,Monthly,rural,no,Endowment,married
55,female,200000,30,35,2648.2,Monthly,semi-urban,no,Term,married
50,female,700000,15,30,2018.32,Half_yearly,urban,yes,Endowment,married
41,female,400000,15,20,2762.94,Half_yearly,rural,yes,Endowment,unmarried
32,male,400000,10,25,2660.61,Monthly,semi-urban,no,Endowment,married
47,male,700000,15,25,3293.32,Quarterly,rural,yes,Endowment,married
59,male,700000,15,30,2342.17,Yearly,rural,yes,ULIP,unmarried
34,male,200000,5,15,2202.86,Yearly,semi-urban,no,Endowment,married
22,male,200000,20,25,2302.53,Monthly,semi-urban,yes,Term,widow
46,male,700000,20,35,3069.4,Yearly,urban,yes,ULIP,widow
21,male,700000,5,15,2914.56,Monthly,urban,yes,ULIP,widow
27,female,1200000,5,10,2580.22,Monthly,rural,yes,Endowment,widow
34,male,700000,15,20,2845.52,Monthly,urban,no,Term,widow
27,male,1200000,25,40,4202.11,Monthly,rural,no,Term,widow
34,female,700000,30,35,3005.88,Quarterly,rural,yes,ULIP,widow
37,male,400000,30,40,3219.02,Half_yearly,urban,no,Term,widow
41,male,200000,15,20,2721.53,Half_yearly,urban,no,Endowment,widow
22,female,700000,30,35,3381.2,Quarterly,urban,no,Endowment,unmarried
51,male,700000,5,15,2854.98,Yearly,semi-urban,yes,Endowment,unmarried
23,male,200000,20,25,2460.92,Yearly,rural,yes,Endowment,widow
19,male,400000,30,35,2527.76,Half_yearly,rural,no,Endowment,unmarried
30,female,1200000,15,20,3202.17,Yearly,rural,no,ULIP,unmarried
60,male,400000,25,30,2771.1,Half_yearly,urban,yes,Endowment,widow
60,male,400000,15,25,2139.5,Half_yearly,urban,no,Endowment,widow
28,female,400000,10,15,3342.69,Quarterly,urban,yes,ULIP,unmarried
40,male,200000,15,25,1735.99,Yearly,urban,no,ULIP,widow
33,female,400000,5,10,2805.69,Quarterly,urban,yes,ULIP,widow
48,female,400000,20,25,3089.34,Half_yearly,semi-urban,yes,Term,widow
28,male,200000,20,25,2111.69,Half_yearly,urban,yes,Term,widow
33,female,700000,30,35,2143.51,Half_yearly,rural,yes,Endowment,unmarried
25,female,400000,5,15,2977.76,Monthly,urban,no,Endowment,married
21,male,700000,10,20,2801.7,Monthly,rural,yes,Endowment,unmarried
57,female,1200000,5,15,3606.66,Monthly,urban,no,Term,married
21,female,200000,15,30,2145.27,Quarterly,urban,yes,Endowment,married
42,male,700000,5,10,3565.96,Half_yearly,rural,yes,Endowment,married
20,male,400000,5,10,1341.5,Yearly,rural,no,Term,unmarried
49,male,1200000,10,20,3388.09,Quarterly,rural,no,ULIP,unmarried
20,female,200000,15,30,2870.87,Quarterly,rural,no,Term,unmarried
44,male,700000,25,30,2752.67,Quarterly,semi-urban,yes,Endowment,unmarried
46,female,700000,25,35,2851.18,Yearly,rural,yes,Term,unmarried
49,female,400000,20,25,2182.99,Half_yearly,urban,no,ULIP,married
36,female,200000,30,35,2210.34,Monthly,urban,yes,ULIP,unmarried
38,female,700000,5,15,1864.07,Half_yearly,semi-urban,no,ULIP,married
22,female,700000,20,30,2340.78,Half_yearly,rural,yes,ULIP,unmarried
35,female,400000,10,15,2006.62,Quarterly,urban,yes,ULIP,unmarried
45,female,700000,25,30,3034.56,Quarterly,semi-urban,yes,ULIP,widow
59,male,400000,5,15,2114.32,Quarterly,urban,no,Endowment,married
39,male,700000,10,15,2428.76,Monthly,semi-urban,yes,Endowment,unmarried
38,female,200000,30,35,2011.04,Monthly,semi-urban,no,Term,unmarried
23,female,1200000,10,20,2825.68,Monthly,rural,no,Endowment,unmarried
18,male,400000,5,10,2534.51,Half_yearly,semi-urban,yes,ULIP,widow
22,female,400000,30,35,2588.82,Quarterly,urban,no,Endowment,married
58,male,200000,10,25,2612.51,Yearly,urban,no,Term,unmarried
29,male,200000,30,40,2526.38,Half_yearly,rural,yes,ULIP,unmarried
43,male,400000,5,20,2676.38,Monthly,rural,no,Endowment,unmarried
51,female,400000,5,20,2235.52,Yearly,semi-urban,no,Endowment,widow
31,female,700000,30,45,2503.45,Yearly,rural,yes,Term,unmarried
43,male,200000,15,20,1764.39,Quarterly,urban,yes,ULIP,married
44,male,400000,20,25,1955.38,Yearly,urban,yes,Term,married
26,male,400000,10,25,2497.13,Monthly,rural,no,ULIP,married
43,male,200000,10,25,1840.29,Quarterly,rural,no,ULIP,married
39,male,200000,15,30,2934.16,Yearly,rural,yes,Endowment,unmarried
47,female,400000,15,20,2381.25,Quarterly,semi-urban,no,Term,widow
60,male,400000,15,30,3150.7,Yearly,semi-urban,yes,Term,widow
34,female,400000,25,40,2685.88,Half_yearly,urban,yes,Term,widow
43,male,400000,25,35,2011.38,Half_yearly,semi-urban,yes,ULIP,unmarried
53,female,400000,30,40,2368.98,Monthly,semi-urban,no,Term,widow
18,female,200000,25,30,1363.27,Half_yearly,semi-urban,no,ULIP,married
25,female,400000,5,15,2495.21,Half_yearly,semi-urban,yes,Term,unmarried
52,female,1200000,30,40,2857.12,Half_yearly,urban,yes,Term,widow
32,female,400000,10,20,1843.27,Yearly,rural,no,Endowment,married
39,female,700000,20,25,3461.07,Yearly,urban,yes,Term,married
31,male,400000,5,15,2915.29,Quarterly,semi-urban,no,Endowment,unmarried
43,female,700000,10,15,3201.52,Yearly,rural,yes,Endowment,unmarried
45,male,700000,10,25,3091.06,Half_yearly,rural,yes,ULIP,widow
40,female,400000,30,40,1782.56,Yearly,rural,no,Term,widow
31,female,1200000,15,20,2999.76,Monthly,urban,no,Term,widow
41,male,200000,15,25,2030.25,Quarterly,rural,no,Term,unmarried
19,female,200000,5,20,1345.13,Quarterly,urban,no,Endowment,widow
43,male,700000,15,20,2421.5,Yearly,urban,no,Term,widow
31,male,700000,10,15,2426.95,Half_yearly,semi-urban,yes,ULIP,married
24,male,200000,15,20,2263.0,Quarterly,semi-urban,yes,ULIP,married
20,male,400000,25,40,3666.19,Monthly,rural,no,Term,married
40,female,200000,15,30,2189.55,Monthly,rural,no,Endowment,widow
60,female,400000,10,25,2463.26,Quarterly,semi-urban,yes,ULIP,unmarried
35,male,700000,30,35,2574.89,Half_yearly,urban,yes,ULIP,married
55,female,400000,5,20,2768.86,Half_yearly,urban,no,Endowment,unmarried
52,female,400000,20,30,1863.04,Yearly,semi-urban,no,ULIP,widow
32,male,400000,15,30,3348.02,Yearly,urban,yes,Endowment,widow
42,female,200000,10,15,2137.92,Quarterly,semi-urban,no,ULIP,married
54,male,400000,20,30,2202.41,Yearly,semi-urban,yes,Endowment,unmarried
45,male,700000,20,35,3185.02,Yearly,rural,yes,ULIP,married
27,female,1200000,25,35,2754.54,Yearly,rural,no,Term,widow
56,female,700000,20,30,3059.63,Monthly,semi-urban,yes,ULIP,unmarried
34,female,200000,30,35,2902.59,Yearly,rural,yes,ULIP,married
56,male,1200000,10,20,3079.33,Quarterly,semi-urban,yes,Term,widow
39,male,700000,10,20,3726.42,Half_yearly,urban,no,Term,married
43,female,700000,15,20,3022.15,Yearly,urban,yes,Term,unmarried
42,female,400000,15,20,2728.35,Half_yearly,urban,no,Term,unmarried
34,female,400000,15,20,3082.93,Yearly,urban,yes,Endowment,unmarried
30,female,400000,30,40,3215.37,Quarterly,semi-urban,yes,Endowment,unmarried
37,male,200000,20,30,2330.92,Monthly,urban,yes,ULIP,unmarried
42,female,200000,20,30,2598.45,Quarterly,urban,yes,ULIP,married
21,male,200000,25,30,2898.17,Monthly,urban,yes,ULIP,married
27,male,400000,30,45,1819.09,Yearly,urban,no,Endowment,married
20,female,700000,15,25,1835.25,Yearly,semi-urban,no,ULIP,married
58,female,400000,5,20,2371.22,Monthly,urban,yes,ULIP,widow
35,female,200000,25,30,1323.25,Quarterly,rural,no,Endowment,widow
53,male,1200000,5,15,3043.0,Quarterly,rural,no,ULIP,married
39,female,1200000,20,35,3357.19,Monthly,rural,yes,Endowment,widow
51,female,700000,25,35,2562.18,Yearly,rural,no,Endowment,widow
25,male,1200000,25,35,3129.2,Monthly,rural,no,Term,unmarried
57,female,400000,10,20,1899.17,Yearly,rural,no,Term,married
36,male,1200000,20,35,3594.07,Monthly,semi-urban,no,Endowment,widow
59,female,200000,20,25,1668.27,Yearly,rural,yes,Endowment,widow
58,male,400000,30,40,1348.55,Monthly,urban,no,Term,married
54,female,200000,25,30,2096.33,Half_yearly,rural,yes,ULIP,unmarried
23,female,200000,20,25,2657.51,Yearly,semi-urban,yes,ULIP,married
43,male,200000,25,40,2239.92,Quarterly,rural,no,ULIP,unmarried
51,male,700000,30,45,2117.6,Monthly,urban,yes,Endowment,widow
23,female,700000,30,35,2750.98,Quarterly,urban,no,Term,unmarried
54,male,400000,10,20,2619.15,Monthly,semi-urban,yes,ULIP,unmarried
50,male,200000,25,40,2245.16,Quarterly,semi-urban,no,Term,married
39,male,700000,20,30,2567.71,Quarterly,semi-urban,no,Term,widow
38,male,700000,20,30,2943.02,Monthly,semi-urban,yes,Endowment,married
23,female,400000,25,35,1530.79,Monthly,rural,no,ULIP,married
23,female,700000,25,30,2253.02,Quarterly,rural,no,Term,widow
21,male,400000,25,35,1747.4,Quarterly,urban,no,Endowment,married
47,male,400000,15,20,3074.19,Quarterly,semi-urban,no,Endowment,married
28,male,1200000,20,25,3556.02,Yearly,semi-urban,yes,Endowment,unmarried
47,male,400000,30,40,2492.56,Yearly,rural,yes,ULIP,married
48,female,400000,20,30,1674.69,Half_yearly,semi-urban,yes,ULIP,widow
41,female,1200000,15,25,3572.07,Yearly,urban,no,Endowment,married
26,male,700000,25,35,3393.27,Yearly,urban,yes,ULIP,unmarried
20,male,200000,10,15,2485.75,Monthly,semi-urban,no,ULIP,married
48,male,200000,25,35,2182.41,Half_yearly,urban,no,Term,married
57,female,200000,25,35,2515.86,Half_yearly,urban,no,Endowment,married
54,male,700000,15,20,2836.46,Yearly,rural,yes,Endowment,unmarried
53,female,400000,20,35,2863.04,Monthly,urban,yes,ULIP,widow
41,male,200000,25,40,2651.84,Monthly,semi-urban,yes,Endowment,widow
48,female,1200000,20,25,3089.47,Half_yearly,semi-urban,yes,Endowment,unmarried
23,male,400000,5,20,2069.68,Monthly,urban,no,Endowment,unmarried
19,female,200000,30,35,2000.09,Quarterly,semi-urban,yes,ULIP,married
37,male,400000,20,30,2667.93,Yearly,rural,yes,ULIP,widow
45,male,700000,10,20,2530.28,Quarterly,urban,yes,ULIP,unmarried
28,male,200000,30,45,1824.74,Half_yearly,urban,yes,Term,widow
21,female,400000,10,20,2399.52,Half_yearly,urban,no,Endowment,married
32,male,700000,25,40,3253.73,Monthly,semi-urban,yes,Term,unmarried
23,female,400000,30,45,2467.55,Monthly,semi-urban,yes,ULIP,widow
47,female,400000,20,30,2261.89,Half_yearly,urban,yes,Term,widow
55,male,400000,30,40,2560.22,Half_yearly,semi-urban,no,Endowment,married
19,male,200000,25,40,2242.02,Quarterly,semi-urban,yes,Endowment,unmarried
32,male,200000,15,25,1233.18,Quarterly,urban,yes,ULIP,widow
28,female,400000,10,15,2748.38,Monthly,urban,yes,ULIP,married
25,male,200000,25,35,2403.73,Quarterly,semi-urban,no,Term,widow
43,female,200000,15,25,2208.09,Monthly,urban,no,ULIP,married
22,female,700000,30,35,3231.18,Monthly,urban,yes,Term,widow
23,male,1200000,30,40,3806.5,Yearly,urban,yes,Endowment,widow
43,male,700000,25,35,3099.38,Monthly,urban,no,Endowment,married
21,male,1200000,20,35,2774.85,Quarterly,semi-urban,no,Endowment,unmarried
36,male,200000,30,40,1792.14,Half_yearly,urban,no,Endowment,married
37,male,1200000,20,30,3758.67,Half_yearly,rural,no,Endowment,unmarried
50,male,200000,20,25,1261.39,Quarterly,urban,no,Term,widow
37,female,1200000,20,35,3125.58,Half_yearly,rural,yes,Endowment,widow
29,female,1200000,5,20,3419.91,Monthly,urban,yes,Term,married
18,female,700000,15,30,1824.8,Half_yearly,rural,yes,Endowment,married
43,male,1200000,15,25,3317.17,Quarterly,rural,yes,Term,unmarried
31,female,400000,30,45,2877.21,Half_yearly,urban,no,Term,unmarried
55,female,400000,30,35,1657.21,Monthly,urban,no,Term,unmarried
54,female,400000,20,35,3229.09,Monthly,urban,no,ULIP,married
28,female,400000,5,10,1895.08,Quarterly,rural,no,Term,widow
53,female,200000,20,35,2487.37,Quarterly,semi-urban,no,Term,married
30,male,700000,5,20,2658.2,Quarterly,semi-urban,yes,Endowment,widow
60,male,1200000,20,25,3234.76,Yearly,urban,yes,Term,married
20,female,200000,10,25,1558.25,Yearly,semi-urban,yes,Term,married
50,female,700000,10,25,3330.24,Monthly,semi-urban,yes,ULIP,unmarried
23,female,1200000,25,40,3362.94,Yearly,urban,yes,Endowment,widow
27,male,1200000,20,30,4010.42,Yearly,rural,no,ULIP,married
22,male,1200000,30,35,2571.29,Half_yearly,urban,no,ULIP,married
40,female,400000,15,30,2309.38,Yearly,semi-urban,no,ULIP,widow
27,male,1200000,25,30,3304.76,Half_yearly,rural,no,Term,married
19,male,700000,30,35,2730.19,Quarterly,semi-urban,no,ULIP,widow
30,female,200000,10,15,2533.39,Half_yearly,rural,yes,ULIP,unmarried
57,male,400000,20,35,2303.04,Half_yearly,semi-urban,yes,Endowment,unmarried
19,male,700000,25,40,3761.01,Quarterly,urban,yes,Endowment,widow
37,female,200000,20,25,2219.92,Quarterly,semi-urban,no,Endowment,unmarried
18,male,700000,10,20,1257.92,Monthly,semi-urban,no,Endowment,widow
54,male,700000,25,30,2742.1,Monthly,rural,no,ULIP,married
26,female,200000,10,20,2830.73,Monthly,semi-urban,no,Endowment,married
34,male,400000,5,10,1938.35,Monthly,urban,yes,Term,widow
26,male,700000,10,15,2206.62,Half_yearly,urban,no,ULIP,married
28,female,400000,20,25,1979.81,Half_yearly,urban,yes,Endowment,unmarried
32,female,200000,15,30,1661.76,Monthly,rural,no,ULIP,married
41,female,200000,10,20,1960.3,Yearly,rural,yes,Endowment,married
55,male,400000,30,40,2854.65,Monthly,semi-urban,no,ULIP,widow
52,female,1200000,15,20,3963.17,Yearly,semi-urban,no,Endowment,unmarried
47,male,200000,5,20,987.87,Quarterly,semi-urban,yes,Term,married
48,female,700000,25,40,2510.77,Half_yearly,rural,yes,Endowment,married
22,male,200000,25,35,2351.35,Half_yearly,rural,no,ULIP,widow
31,female,400000,15,30,2501.34,Yearly,semi-urban,yes,ULIP,widow
28,female,700000,25,35,3649.97,Monthly,rural,no,Term,unmarried
26,female,700000,10,20,1694.65,Half_yearly,rural,no,ULIP,married
51,female,200000,15,25,905.47,Yearly,urban,yes,Term,widow
29,male,400000,20,35,3431.11,Quarterly,urban,no,ULIP,widow
52,female,200000,10,20,2576.72,Quarterly,semi-urban,no,ULIP,widow
52,female,400000,10,20,2114.31,Half_yearly,semi-urban,yes,Term,unmarried
18,male,700000,10,15,2785.8,Monthly,urban,no,ULIP,widow
57,female,200000,20,30,2321.61,Yearly,rural,no,ULIP,unmarried
39,male,400000,5,15,2102.24,Half_yearly,semi-urban,no,Term,unmarried
46,female,400000,30,35,2470.89,Quarterly,semi-urban,no,Endowment,married
25,female,1200000,25,30,3377.41,Monthly,semi-urban,yes,Term,married
28,female,1200000,15,30,4207.77,Yearly,rural,yes,ULIP,unmarried
58,male,200000,5,15,2681.73,Half_yearly,urban,yes,Endowment,married
54,female,700000,15,30,3569.66,Yearly,semi-urban,no,Endowment,married
31,female,400000,25,40,1728.21,Monthly,urban,yes,Endowment,widow
47,female,400000,20,25,2226.4,Monthly,urban,yes,Term,married
52,male,700000,10,25,2821.12,Quarterly,rural,yes,Endowment,unmarried
38,male,1200000,10,20,2239.45,Monthly,rural,no,Endowment,married
54,female,1200000,20,25,3790.93,Half_yearly,rural,yes,Endowment,widow
22,male,400000,5,15,2721.1,Yearly,rural,yes,ULIP,unmarried
36,female,400000,5,15,2216.42,Monthly,rural,no,Term,married
31,female,700000,15,20,2608.33,Monthly,rural,no,Term,unmarried
43,female,400000,20,30,3026.93,Half_yearly,semi-urban,no,ULIP,married
21,female,400000,5,10,2002.28,Yearly,urban,no,Endowment,widow
42,female,400000,20,30,3047.09,Yearly,rural,no,ULIP,married
59,female,700000,25,30,2573.98,Quarterly,semi-urban,no,ULIP,unmarried
42,female,200000,10,25,2578.0,Quarterly,urban,yes,Endowment,unmarried
35,male,200000,10,20,2243.38,Yearly,rural,yes,Endowment,unmarried
57,male,1200000,10,15,4316.6,Half_yearly,rural,no,Term,married
25,male,200000,20,30,1756.3,Half_yearly,semi-urban,no,Endowment,married
56,male,400000,20,30,2113.36,Quarterly,urban,yes,ULIP,married
57,male,200000,15,25,1446.94,Monthly,rural,no,ULIP,widow
31,male,200000,10,15,1651.62,Half_yearly,urban,no,Endowment,widow
49,male,200000,15,30,2556.56,Monthly,semi-urban,yes,Term,widow
55,female,200000,10,25,3000.08,Half_yearly,rural,no,ULIP,unmarried
50,female,1200000,15,30,3613.24,Yearly,urban,no,Endowment,unmarried
40,female,400000,15,20,2397.3,Quarterly,semi-urban,yes,Term,unmarried
32,female,1200000,25,40,2753.19,Monthly,semi-urban,yes,Term,unmarried
50,male,400000,15,20,2849.21,Monthly,rural,yes,ULIP,unmarried
42,male,400000,20,30,1925.7,Yearly,urban,yes,ULIP,married
34,female,400000,15,25,1725.52,Half_yearly,rural,yes,Term,unmarried
50,female,400000,10,25,2245.77,Monthly,rural,no,Term,married
19,male,700000,15,20,1683.03,Half_yearly,urban,no,Term,widow
31,female,400000,5,15,1709.31,Yearly,urban,no,Endowment,widow
57,female,400000,30,35,3343.0,Quarterly,urban,no,ULIP,widow
57,female,1200000,10,15,2416.6,Monthly,semi-urban,no,Term,widow
56,female,1200000,5,15,2605.93,Half_yearly,semi-urban,yes,ULIP,widow
23,male,1200000,10,15,3235.92,Monthly,urban,no,ULIP,unmarried
23,female,400000,20,30,2461.95,Half_yearly,semi-urban,no,ULIP,unmarried
20,female,700000,30,40,2582.69,Half_yearly,rural,no,Term,unmarried
24,male,400000,30,40,1398.31,Half_yearly,urban,no,Endowment,widow
25,male,400000,20,25,2824.24,Yearly,rural,no,Term,widow
59,female,200000,30,40,1978.47,Quarterly,urban,yes,ULIP,married
32,male,400000,20,25,3010.22,Monthly,rural,no,Term,unmarried
46,female,200000,5,15,1877.59,Quarterly,urban,no,Term,widow
50,female,400000,25,35,2891.25,Half_yearly,rural,no,ULIP,widow
47,male,1200000,10,25,3848.04,Half_yearly,urban,no,ULIP,widow
56,female,200000,20,35,1966.53,Quarterly,urban,no,Term,married
44,female,200000,10,25,2640.23,Quarterly,semi-urban,no,Term,widow
53,female,200000,5,10,1535.73,Monthly,rural,yes,Term,married
46,female,1200000,25,30,3331.84,Half_yearly,semi-urban,no,Term,married
55,male,400000,5,15,3011.11,Quarterly,rural,yes,Endowment,unmarried
50,male,400000,30,40,2659.25,Yearly,semi-urban,yes,Term,widow
54,female,700000,10,20,3903.11,Half_yearly,urban,no,Endowment,married
44,male,700000,25,35,2987.18,Half_yearly,semi-urban,no,ULIP,widow
50,female,400000,30,35,2217.36,Monthly,semi-urban,no,Endowment,unmarried
21,female,700000,25,35,4120.44,Yearly,urban,yes,ULIP,unmarried
39,female,700000,30,40,3516.85,Monthly,semi-urban,no,Endowment,married
19,female,700000,5,20,1898.55,Yearly,urban,no,ULIP,unmarried
27,female,200000,20,30,1807.92,Monthly,rural,no,Term,unmarried
22,male,1200000,10,20,2680.92,Yearly,semi-urban,yes,Endowment,unmarried
27,female,400000,15,25,2722.81,Yearly,urban,yes,Endowment,widow
50,male,400000,15,20,2685.58,Yearly,urban,no,ULIP,widow
55,male,400000,5,20,2681.73,Quarterly,semi-urban,yes,ULIP,married
30,female,200000,10,20,1385.05,Half_yearly,rural,no,Endowment,married
48,female,200000,10,20,1880.95,Yearly,semi-urban,yes,ULIP,unmarried
53,female,700000,5,20,2625.36,Quarterly,urban,no,Term,unmarried
41,female,200000,10,20,1289.04,Quarterly,rural,yes,Endowment,married
32,female,400000,20,25,1964.09,Monthly,semi-urban,no,Term,unmarried
46,male,400000,5,15,3078.22,Half_yearly,urban,no,Endowment,married
25,female,200000,20,25,1422.96,Half_yearly,semi-urban,yes,Term,widow
22,female,1200000,10,15,3927.63,Monthly,rural,yes,Endowment,unmarried
46,male,200000,5,15,2745.57,Half_yearly,rural,yes,ULIP,unmarried
21,male,400000,10,25,2254.63,Monthly,rural,yes,Endowment,unmarried
29,female,400000,5,10,2075.56,Quarterly,rural,yes,Term,widow
19,male,200000,10,25,2615.91,Quarterly,rural,no,Endowment,widow
44,female,200000,20,30,1806.13,Yearly,semi-urban,no,Term,unmarried
48,male,700000,20,25,2331.0,Monthly,rural,yes,Term,married
53,male,1200000,10,20,3188.07,Quarterly,rural,no,Term,widow
53,female,200000,5,20,1134.88,Quarterly,urban,no,ULIP,unmarried
43,male,700000,15,25,1975.01,Monthly,rural,yes,Endowment,unmarried
60,male,700000,20,30,2542.17,Quarterly,urban,no,Term,widow
44,male,700000,20,25,2937.85,Half_yearly,urban,no,ULIP,married
22,male,400000,30,40,1999.21,Quarterly,urban,yes,Term,unmarried
37,male,400000,15,25,2301.19,Monthly,semi-urban,yes,Endowment,married
28,male,400000,10,20,1593.27,Half_yearly,semi-urban,no,ULIP,married
27,female,700000,5,10,3166.24,Half_yearly,urban,yes,Term,widow
57,female,700000,30,45,2810.04,Quarterly,semi-urban,no,Term,unmarried
55,male,200000,10,25,2354.27,Yearly,rural,yes,Term,unmarried
23,female,400000,25,35,2644.13,Half_yearly,semi-urban,yes,Endowment,married
25,female,1200000,20,25,3239.06,Monthly,rural,yes,ULIP,widow
40,female,700000,25,35,2458.11,Yearly,rural,yes,ULIP,widow
43,male,1200000,20,35,3764.83,Yearly,semi-urban,no,ULIP,widow
60,female,700000,20,25,2778.44,Half_yearly,semi-urban,yes,Term,married
29,male,400000,25,40,2317.14,Quarterly,urban,yes,ULIP,married
43,female,400000,25,40,2395.67,Yearly,semi-urban,no,Term,unmarried
30,male,700000,10,15,2685.02,Quarterly,semi-urban,no,Endowment,widow
57,male,200000,30,35,2112.12,Half_yearly,semi-urban,no,ULIP,married
35,female,400000,30,40,2623.05,Monthly,rural,no,Term,widow
42,female,700000,25,35,2232.07,Yearly,rural,yes,ULIP,married
50,male,200000,10,25,1768.6,Monthly,rural,no,ULIP,unmarried
57,female,700000,30,35,2979.63,Quarterly,urban,yes,Endowment,widow
60,female,400000,10,15,2327.38,Quarterly,urban,no,ULIP,married
29,female,1200000,10,20,3685.7,Monthly,urban,yes,Endowment,widow
53,male,200000,20,35,2404.44,Half_yearly,rural,no,ULIP,married
21,male,400000,30,45,2123.69,Half_yearly,semi-urban,yes,ULIP,married
22,female,700000,30,40,2987.55,Yearly,urban,yes,ULIP,married
54,female,400000,20,25,2998.6,Yearly,urban,no,ULIP,widow
25,female,700000,25,35,2923.49,Half_yearly,rural,yes,ULIP,married
59,male,700000,20,30,3032.79,Half_yearly,urban,yes,ULIP,unmarried
45,male,200000,30,40,2114.11,Monthly,semi-urban,yes,Endowment,widow
48,female,400000,30,40,2896.52,Quarterly,rural,yes,Endowment,unmarried
26,female,400000,25,30,2109.65,Quarterly,rural,no,Term,unmarried
46,female,400000,20,30,2569.27,Yearly,semi-urban,yes,ULIP,widow
31,female,1200000,5,10,4484.75,Half_yearly,semi-urban,yes,Endowment,married
57,female,700000,5,15,2969.44,Monthly,semi-urban,no,ULIP,unmarried
58,female,700000,25,40,2489.64,Yearly,urban,no,ULIP,widow
39,male,700000,20,25,2488.35,Monthly,semi-urban,no,Endowment,married
28,female,400000,20,35,2364.33,Half_yearly,rural,yes,ULIP,widow
40,male,1200000,10,20,3625.62,Half_yearly,semi-urban,yes,Endowment,widow
18,female,700000,30,40,2772.89,Half_yearly,rural,no,Endowment,widow
54,female,700000,15,25,2375.74,Quarterly,rural,yes,Term,married
38,male,1200000,25,30,2874.85,Half_yearly,urban,no,Term,unmarried
43,male,400000,15,30,2476.02,Yearly,semi-urban,yes,Term,unmarried
53,male,700000,15,20,2721.2,Quarterly,urban,no,Term,widow
40,male,200000,25,30,2427.49,Monthly,semi-urban,yes,ULIP,widow
18,female,400000,20,30,2858.74,Yearly,semi-urban,no,ULIP,married
57,male,400000,25,40,3763.68,Yearly,semi-urban,yes,Term,widow
32,female,1200000,15,25,2468.98,Monthly,semi-urban,no,Endowment,widow
38,male,1200000,30,35,3543.43,Quarterly,semi-urban,yes,Endowment,widow
26,female,700000,30,40,2749.15,Yearly,rural,yes,Endowment,unmarried
26,female,700000,30,45,1777.71,Yearly,rural,yes,Endowment,widow
27,female,400000,20,30,3024.77,Yearly,semi-urban,no,ULIP,unmarried
43,female,1200000,5,20,3410.59,Quarterly,rural,yes,Endowment,married
58,female,400000,25,40,2799.9,Quarterly,urban,yes,Endowment,married
52,female,400000,30,40,1550.29,Quarterly,urban,yes,Term,unmarried
42,male,200000,25,30,2089.79,Yearly,urban,no,Endowment,unmarried
43,female,700000,30,40,2160.4,Half_yearly,semi-urban,yes,ULIP,unmarried
28,male,700000,20,25,3781.55,Monthly,semi-urban,no,Endowment,unmarried
55,male,400000,5,10,2972.28,Half_yearly,rural,yes,Endowment,widow
19,female,200000,5,15,1859.52,Quarterly,rural,no,ULIP,unmarried
24,male,700000,30,35,1931.68,Yearly,rural,no,Term,unmarried
35,female,200000,20,25,2297.03,Yearly,urban,yes,ULIP,unmarried
44,male,700000,10,20,3246.21,Half_yearly,urban,no,Term,widow
51,female,1200000,25,35,2332.47,Half_yearly,urban,no,Endowment,widow
44,male,400000,25,35,1934.11,Monthly,urban,yes,Term,widow
34,female,200000,15,20,1647.21,Yearly,rural,no,Term,married
60,female,700000,20,35,3133.47,Half_yearly,semi-urban,no,Term,widow
41,female,700000,15,20,2515.09,Monthly,semi-urban,no,Endowment,unmarried
42,female,400000,30,45,2236.03,Quarterly,urban,no,Term,widow
24,male,1200000,15,25,3287.33,Half_yearly,semi-urban,yes,Term,widow
23,female,200000,5,20,1760.86,Quarterly,semi-urban,no,Endowment,unmarried
41,male,400000,25,35,1678.16,Monthly,semi-urban,no,ULIP,widow
50,male,700000,15,25,3384.84,Quarterly,urban,yes,ULIP,married
46,male,1200000,5,20,3931.24,Yearly,rural,yes,ULIP,widow
60,female,200000,20,30,2289.79,Yearly,rural,no,Endowment,married
39,male,700000,15,30,2826.08,Quarterly,semi-urban,yes,Endowment,married
43,male,400000,30,40,3030.51,Yearly,rural,yes,ULIP,married
45,male,400000,30,35,2478.33,Monthly,rural,yes,Term,unmarried
38,female,200000,30,35,1990.46,Yearly,urban,yes,ULIP,widow
24,female,1200000,25,35,3219.67,Quarterly,urban,yes,Endowment,married
34,male,200000,15,25,2896.58,Quarterly,semi-urban,yes,Term,married
37,female,400000,20,35,2426.66,Quarterly,semi-urban,yes,Term,widow
58,female,400000,15,20,2065.31,Half_yearly,semi-urban,yes,Endowment,unmarried
37,male,1200000,25,40,3273.5,Quarterly,urban,yes,Term,unmarried
39,male,700000,5,15,3028.11,Monthly,rural,no,ULIP,married
45,female,700000,25,35,2968.13,Yearly,urban,no,Endowment,unmarried
57,male,400000,30,45,2676.41,Yearly,urban,no,Endowment,widow
24,female,700000,5,15,2286.66,Half_yearly,rural,no,Endowment,unmarried
18,female,400000,30,35,2785.05,Half_yearly,rural,no,Endowment,widow
49,female,700000,10,25,2714.23,Monthly,semi-urban,yes,Term,married
30,female,1200000,25,30,2844.1,Quarterly,rural,yes,Endowment,widow
47,female,200000,25,30,2581.08,Half_yearly,rural,no,Endowment,married
40,female,700000,20,25,2473.18,Yearly,rural,no,Term,widow
36,male,200000,15,30,1412.85,Half_yearly,rural,yes,Endowment,widow
49,male,400000,5,15,1899.7,Half_yearly,semi-urban,no,Term,unmarried
47,female,400000,5,10,2309.18,Quarterly,semi-urban,yes,Term,widow
46,female,400000,20,25,2689.15,Half_yearly,rural,no,Endowment,married
46,female,400000,20,25,1967.97,Monthly,rural,yes,ULIP,widow
47,male,700000,15,25,2579.67,Yearly,semi-urban,no,Endowment,married
33,female,400000,30,40,1791.7,Quarterly,semi-urban,yes,ULIP,married
57,male,700000,15,30,3191.02,Yearly,rural,no,Term,widow
36,female,400000,25,35,3258.67,Monthly,urban,no,ULIP,unmarried
35,female,200000,30,45,3004.64,Monthly,semi-urban,yes,Endowment,widow
18,male,700000,10,25,3182.49,Half_yearly,semi-urban,yes,Endowment,widow
31,male,400000,15,30,2831.25,Half_yearly,semi-urban,no,ULIP,unmarried
19,female,400000,20,35,1364.06,Half_yearly,rural,no,Endowment,married
45,female,700000,30,45,2788.59,Yearly,rural,yes,ULIP,widow
47,female,400000,15,20,2151.95,Monthly,semi-urban,yes,Term,unmarried
55,male,200000,5,15,2640.23,Quarterly,rural,yes,ULIP,unmarried
21,male,400000,10,15,1131.2,Half_yearly,rural,no,ULIP,married
18,male,1200000,25,40,3296.48,Yearly,semi-urban,no,ULIP,unmarried
25,male,700000,5,15,2592.78,Half_yearly,rural,yes,ULIP,married
46,male,700000,5,10,3259.21,Monthly,urban,no,Term,widow
56,male,700000,10,15,3473.99,Quarterly,rural,no,Term,unmarried
20,female,200000,25,40,1735.58,Monthly,rural,yes,Term,widow
49,female,400000,20,25,1958.14,Yearly,semi-urban,no,ULIP,unmarried
27,male,700000,30,35,2815.25,Half_yearly,semi-urban,yes,Term,unmarried
27,female,200000,25,30,3066.88,Monthly,urban,yes,Endowment,widow
36,female,400000,15,20,2430.07,Yearly,rural,no,Term,unmarried
51,male,400000,5,10,1760.42,Half_yearly,urban,no,ULIP,widow
50,female,400000,15,30,2097.07,Quarterly,urban,yes,Endowment,widow
40,male,1200000,20,35,3301.33,Monthly,semi-urban,yes,ULIP,married
45,male,200000,15,20,2320.1,Half_yearly,rural,yes,Endowment,widow
49,female,400000,25,40,2047.96,Half_yearly,semi-urban,no,ULIP,married
24,male,200000,15,30,1887.1,Half_yearly,urban,yes,ULIP,widow
46,male,1200000,20,30,2709.22,Half_yearly,urban,yes,Endowment,unmarried
25,male,200000,20,25,2770.59,Monthly,semi-urban,yes,Term,widow
18,male,400000,20,35,1982.61,Half_yearly,semi-urban,yes,Endowment,unmarried
20,male,700000,25,40,2467.6,Yearly,semi-urban,no,Endowment,married
41,male,700000,20,25,2453.37,Monthly,semi-urban,no,Endowment,unmarried
40,male,400000,5,15,1597.02,Half_yearly,semi-urban,yes,Endowment,widow
25,male,400000,20,25,1968.29,Monthly,urban,no,Endowment,unmarried
54,female,400000,15,25,3014.07,Yearly,semi-urban,no,ULIP,married
20,female,400000,30,35,1795.36,Yearly,rural,no,ULIP,unmarried
50,female,200000,15,20,1718.18,Monthly,urban,yes,Term,unmarried
45,male,400000,30,35,1733.73,Half_yearly,urban,no,Term,widow
25,male,400000,15,20,2354.69,Half_yearly,rural,no,Endowment,widow
51,female,400000,25,35,3342.74,Yearly,rural,yes,Term,unmarried
52,female,700000,15,25,2633.65,Half_yearly,urban,yes,Term,married
49,female,1200000,25,40,3233.38,Yearly,semi-urban,no,Endowment,unmarried
41,male,700000,25,30,2302.28,Half_yearly,urban,no,ULIP,married
31,female,200000,20,30,2169.19,Yearly,urban,yes,ULIP,married
49,female,200000,5,15,2814.53,Quarterly,rural,yes,Term,married
60,male,1200000,30,40,3271.45,Half_yearly,urban,yes,ULIP,unmarried
33,female,400000,20,25,3465.89,Half_yearly,semi-urban,yes,ULIP,married
21,male,200000,20,35,2829.74,Half_yearly,rural,no,Term,unmarried
54,male,400000,25,35,2356.84,Monthly,urban,yes,Endowment,married
38,male,700000,25,30,2647.11,Half_yearly,urban,no,Term,married
31,female,700000,30,40,3515.46,Monthly,semi-urban,no,Term,unmarried
48,female,400000,15,25,2468.66,Monthly,urban,no,Term,widow
35,male,200000,15,30,2904.46,Yearly,urban,yes,Endowment,widow
24,female,1200000,20,30,4201.45,Monthly,urban,yes,Endowment,unmarried
27,female,400000,10,20,2297.89,Monthly,urban,no,Endowment,unmarried
24,female,700000,10,15,2875.98,Quarterly,semi-urban,no,Endowment,widow
50,female,700000,15,20,3190.0,Half_yearly,urban,no,Term,widow
40,male,700000,10,25,3083.75,Monthly,urban,no,ULIP,widow
38,female,400000,15,20,2780.25,Half_yearly,urban,no,Term,unmarried
36,male,400000,25,30,1733.26,Monthly,rural,yes,Endowment,married
36,male,400000,20,35,1975.79,Yearly,semi-urban,yes,ULIP,unmarried
53,female,1200000,5,15,2952.37,Quarterly,rural,yes,Term,widow
46,male,1200000,20,35,3807.21,Monthly,rural,no,ULIP,married
35,female,200000,15,20,1582.31,Half_yearly,semi-urban,no,Endowment,unmarried
19,female,200000,15,30,2961.61,Yearly,rural,yes,ULIP,widow
18,male,1200000,20,30,3589.92,Half_yearly,rural,yes,ULIP,unmarried
22,male,700000,30,45,3277.12,Yearly,rural,no,Endowment,married
37,male,1200000,15,20,2735.23,Quarterly,semi-urban,yes,ULIP,widow
28,male,200000,10,15,2236.15,Yearly,urban,yes,Term,unmarried
59,female,400000,10,25,2549.47,Half_yearly,semi-urban,yes,ULIP,married
19,female,700000,15,25,2827.48,Half_yearly,semi-urban,no,Term,married
20,female,700000,15,30,2847.83,Monthly,semi-urban,no,ULIP,unmarried
40,male,400000,30,40,2261.74,Yearly,rural,yes,ULIP,married
29,male,200000,10,20,2267.6,Half_yearly,urban,no,Endowment,widow
37,male,400000,15,30,2916.78,Monthly,semi-urban,yes,Endowment,married
22,female,400000,15,25,1816.74,Quarterly,semi-urban,yes,Term,unmarried
54,male,400000,30,35,3173.53,Half_yearly,urban,no,Endowment,widow
55,female,1200000,30,45,3690.95,Monthly,urban,no,Endowment,married
47,male,400000,20,30,1917.4,Half_yearly,urban,no,Endowment,married
26,female,700000,30,35,2891.92,Yearly,rural,yes,Endowment,widow
51,female,200000,5,20,2650.75,Monthly,urban,yes,Endowment,widow
52,male,700000,10,15,2082.35,Yearly,rural,yes,Term,married
39,male,1200000,20,25,3220.99,Quarterly,semi-urban,no,Term,widow
41,female,200000,5,10,2160.74,Yearly,rural,yes,Endowment,unmarried
34,female,200000,15,25,1877.21,Monthly,urban,yes,Endowment,married
27,male,400000,15,30,2446.18,Half_yearly,rural,yes,Term,unmarried
47,male,200000,20,35,1899.86,Monthly,urban,yes,ULIP,married
40,female,700000,30,40,3387.15,Yearly,rural,no,Term,unmarried
49,male,1200000,15,30,2886.68,Yearly,semi-urban,no,ULIP,unmarried
34,female,400000,25,30,2795.99,Half_yearly,rural,no,Endowment,widow
34,female,400000,20,35,1572.31,Quarterly,semi-urban,yes,Endowment,married
31,male,400000,5,15,2319.1,Monthly,urban,yes,Term,widow
26,male,700000,20,25,2706.16,Half_yearly,semi-urban,yes,Endowment,widow
57,male,200000,10,20,2102.85,Half_yearly,urban,no,ULIP,married
19,male,400000,30,35,2201.84,Half_yearly,urban,no,ULIP,unmarried
42,male,700000,30,35,2366.24,Monthly,semi-urban,no,Term,married
56,female,700000,20,35,3077.27,Monthly,semi-urban,no,ULIP,married
26,female,200000,15,20,2699.73,Monthly,rural,no,Term,married
39,male,700000,15,25,2658.92,Quarterly,rural,yes,Term,widow
60,male,200000,25,40,1651.68,Half_yearly,semi-urban,no,ULIP,married
21,male,200000,25,35,3096.97,Yearly,semi-urban,no,ULIP,married
43,female,1200000,30,35,2760.1,Yearly,semi-urban,no,ULIP,married
46,male,700000,25,35,1970.29,Half_yearly,semi-urban,yes,ULIP,unmarried
51,male,200000,5,15,1193.69,Yearly,urban,no,ULIP,unmarried
40,female,200000,25,30,2249.73,Quarterly,semi-urban,no,ULIP,unmarried
54,female,200000,5,20,2091.29,Quarterly,semi-urban,no,ULIP,unmarried
28,male,400000,25,35,2915.48,Monthly,semi-urban,yes,Endowment,widow
23,male,200000,30,35,2505.54,Monthly,semi-urban,yes,Term,widow
35,male,200000,30,45,2345.1,Monthly,urban,no,Term,married
38,female,400000,5,20,2264.32,Monthly,rural,no,ULIP,widow
59,male,700000,20,35,3254.99,Monthly,rural,no,Term,unmarried
53,male,700000,30,40,3633.69,Yearly,rural,no,ULIP,married
58,male,700000,20,30,3204.49,Yearly,rural,yes,Endowment,married
55,female,200000,15,25,1968.23,Monthly,rural,no,Term,unmarried
51,female,1200000,5,20,3590.78,Quarterly,urban,yes,Term,unmarried
34,male,700000,30,40,2498.96,Yearly,rural,no,Endowment,unmarried
54,male,700000,10,15,2147.47,Quarterly,urban,yes,Endowment,widow
42,female,700000,15,25,2250.48,Quarterly,urban,yes,Endowment,married
55,female,1200000,20,30,3020.91,Half_yearly,rural,no,Term,unmarried
29,female,400000,30,45,2451.98,Half_yearly,rural,yes,Term,married
40,female,200000,5,15,3230.29,Monthly,rural,no,Endowment,married
59,female,700000,25,30,2259.16,Quarterly,semi-urban,yes,Endowment,widow
39,female,700000,10,25,3361.74,Yearly,urban,yes,Endowment,married
38,female,700000,20,25,2541.37,Half_yearly,rural,no,Endowment,unmarried
44,female,400000,15,30,1391.81,Half_yearly,semi-urban,no,Endowment,unmarried
48,female,200000,5,20,1947.14,Quarterly,urban,yes,ULIP,married
23,male,400000,10,20,2988.35,Half_yearly,semi-urban,yes,Endowment,married
44,male,1200000,5,10,3372.33,Half_yearly,semi-urban,no,ULIP,widow
57,male,400000,30,45,2602.23,Yearly,rural,no,Term,unmarried
51,female,400000,25,35,3064.25,Quarterly,urban,no,Term,unmarried
29,male,400000,15,30,1881.83,Half_yearly,semi-urban,yes,ULIP,married
24,female,400000,5,20,1874.12,Quarterly,urban,no,Endowment,married
27,female,1200000,20,35,2068.14,Half_yearly,rural,no,Term,married
34,male,700000,30,45,3138.54,Yearly,urban,yes,Endowment,unmarried
43,female,700000,30,45,2981.24,Quarterly,semi-urban,no,Endowment,married
38,male,400000,15,30,2761.98,Half_yearly,semi-urban,no,ULIP,widow
45,male,700000,30,40,2108.49,Yearly,urban,no,Term,widow
19,male,200000,20,35,1397.88,Half_yearly,semi-urban,no,Term,married
60,female,700000,5,10,2040.19,Quarterly,semi-urban,yes,ULIP,widow
18,male,400000,15,25,1938.71,Half_yearly,semi-urban,no,Endowment,widow
53,female,400000,30,35,3176.98,Quarterly,rural,no,Endowment,widow
43,male,700000,30,45,3200.06,Quarterly,rural,no,Term,widow
46,male,1200000,20,25,2970.89,Half_yearly,semi-urban,no,ULIP,widow
38,male,200000,25,40,2349.63,Yearly,urban,no,ULIP,unmarried
28,female,700000,25,40,2360.82,Monthly,rural,no,Endowment,married
57,female,400000,30,40,2582.14,Yearly,urban,yes,Endowment,widow
28,female,400000,5,15,1830.95,Yearly,semi-urban,yes,ULIP,married
53,male,200000,15,30,2575.13,Half_yearly,semi-urban,yes,Term,widow
56,male,400000,30,40,1975.15,Yearly,urban,no,Endowment,unmarried
57,female,400000,10,15,2802.96,Yearly,rural,no,ULIP,unmarried
52,female,200000,15,25,1986.29,Monthly,urban,no,ULIP,widow
51,female,400000,25,35,2004.96,Yearly,urban,yes,ULIP,widow
41,female,1200000,30,35,4006.5,Monthly,semi-urban,no,Term,widow
39,female,200000,20,30,2288.47,Half_yearly,rural,yes,Endowment,unmarried
22,female,700000,10,25,2538.91,Monthly,urban,no,Endowment,unmarried
50,male,400000,30,35,2779.09,Quarterly,rural,no,Endowment,married
53,female,700000,5,20,2030.0,Quarterly,semi-urban,yes,Term,unmarried
37,male,400000,10,15,2953.43,Monthly,rural,yes,Endowment,widow
36,male,200000,30,45,2130.28,Quarterly,semi-urban,yes,Endowment,married
52,female,200000,5,20,2500.39,Half_yearly,rural,yes,Endowment,unmarried
60,female,200000,10,20,1426.06,Quarterly,urban,yes,Endowment,unmarried
34,male,200000,5,20,2008.79,Monthly,semi-urban,yes,Term,widow
60,female,700000,5,15,2702.29,Half_yearly,urban,no,ULIP,married
51,female,1200000,10,15,3715.15,Quarterly,semi-urban,yes,ULIP,unmarried
26,male,700000,10,25,3040.21,Half_yearly,rural,no,Endowment,unmarried
43,male,700000,5,20,2503.76,Monthly,rural,no,Endowment,widow
19,male,200000,25,30,2358.97,Quarterly,semi-urban,no,Endowment,married
26,female,400000,10,15,3028.28,Half_yearly,semi-urban,no,Term,married
26,male,400000,30,45,2300.01,Half_yearly,semi-urban,no,Endowment,married
57,female,200000,15,20,2045.57,Quarterly,rural,yes,Term,married
34,male,400000,20,30,1455.15,Half_yearly,semi-urban,yes,Endowment,widow
18,male,400000,5,10,2260.46,Half_yearly,semi-urban,yes,Endowment,unmarried
42,male,400000,5,10,1530.19,Monthly,urban,no,ULIP,unmarried
60,female,400000,20,35,2342.83,Monthly,semi-urban,yes,Endowment,married
57,female,700000,25,35,3194.07,Monthly,urban,no,Term,married
59,male,700000,20,25,1640.18,Monthly,urban,no,ULIP,married
42,male,400000,10,20,3017.1,Monthly,urban,no,Term,unmarried
56,male,1200000,20,30,3034.89,Monthly,rural,no,ULIP,unmarried
52,female,1200000,5,15,3186.42,Quarterly,urban,yes,Term,married
20,male,400000,20,35,2148.79,Monthly,semi-urban,yes,ULIP,widow
54,female,400000,15,20,1543.38,Half_yearly,rural,yes,Term,unmarried
47,male,400000,30,45,2008.51,Quarterly,rural,yes,Term,unmarried
55,male,1200000,10,15,4248.71,Half_yearly,rural,yes,Endowment,married
51,male,1200000,20,25,2651.98,Monthly,rural,no,ULIP,widow
29,male,200000,5,20,1405.73,Monthly,rural,yes,ULIP,married
36,male,400000,30,40,2470.65,Half_yearly,rural,no,Endowment,married
54,male,400000,10,20,2357.11,Half_yearly,rural,no,Term,widow
34,female,400000,5,10,2238.34,Half_yearly,urban,no,Term,widow
27,male,200000,25,40,2207.22,Yearly,semi-urban,yes,ULIP,widow
29,female,1200000,15,25,3522.1,Yearly,semi-urban,no,Term,unmarried
33,male,700000,25,35,2406.42,Yearly,urban,no,ULIP,married
41,male,700000,15,20,2797.21,Yearly,urban,yes,ULIP,unmarried
36,female,1200000,20,25,3711.94,Quarterly,rural,no,Term,widow
25,male,700000,10,25,2202.36,Monthly,rural,no,Term,unmarried
48,female,400000,20,25,1238.91,Half_yearly,urban,no,Term,widow
38,female,700000,15,25,3035.4,Monthly,rural,yes,Endowment,widow
34,male,200000,15,25,3451.48,Half_yearly,semi-urban,no,ULIP,married
40,female,700000,15,25,2696.32,Monthly,semi-urban,no,Term,married
54,female,200000,30,40,2300.97,Quarterly,rural,yes,Endowment,married
33,male,700000,5,20,2552.1,Yearly,rural,yes,Term,unmarried
23,female,200000,10,25,2994.03,Monthly,rural,no,ULIP,married
25,male,200000,20,25,2161.12,Half_yearly,semi-urban,yes,Endowment,widow
42,male,200000,20,25,2106.72,Monthly,rural,yes,ULIP,married
35,male,200000,25,30,2655.43,Quarterly,urban,yes,Term,unmarried
42,male,700000,15,30,2457.86,Quarterly,rural,yes,Term,married
29,female,700000,15,25,2057.65,Monthly,urban,yes,Term,married
32,male,400000,15,20,2841.15,Yearly,rural,yes,Endowment,married
43,male,200000,20,30,1904.23,Half_yearly,rural,yes,Endowment,unmarried
58,female,200000,25,30,1712.27,Quarterly,semi-urban,no,Endowment,widow
43,male,200000,5,10,3250.02,Quarterly,urban,yes,Endowment,widow
49,male,200000,30,35,2110.7,Monthly,urban,yes,Term,widow
27,female,1200000,10,15,3447.11,Quarterly,urban,yes,Term,married
33,female,200000,5,10,2214.76,Quarterly,semi-urban,no,Term,married
24,female,400000,20,30,1956.84,Half_yearly,urban,yes,Endowment,unmarried
34,female,200000,30,35,2544.72,Yearly,semi-urban,yes,Endowment,widow
40,female,200000,30,40,2357.29,Half_yearly,rural,no,Term,married
43,female,400000,30,45,2070.31,Yearly,rural,yes,Term,married
38,female,700000,15,20,2916.6,Half_yearly,urban,no,Endowment,married
39,male,200000,10,20,1942.84,Monthly,rural,no,ULIP,unmarried
24,female,200000,20,35,1647.75,Quarterly,rural,yes,Term,widow
31,female,400000,20,35,1797.17,Yearly,urban,no,Term,unmarried
32,female,200000,30,45,2335.03,Monthly,rural,yes,Term,widow
24,male,200000,20,30,2008.63,Quarterly,urban,yes,Endowment,widow
26,male,1200000,10,15,3950.85,Quarterly,urban,no,Term,married
25,female,700000,10,15,2678.52,Quarterly,rural,no,Term,married
40,female,400000,25,35,2007.4,Half_yearly,rural,yes,Term,married
46,female,400000,25,30,2478.91,Monthly,rural,yes,Term,married
35,male,400000,5,15,1752.87,Monthly,rural,no,Term,married
48,male,400000,10,15,2357.93,Quarterly,rural,yes,ULIP,widow
47,female,700000,10,25,2859.58,Yearly,semi-urban,yes,ULIP,married
56,male,700000,10,15,2797.84,Monthly,rural,yes,Term,married
52,female,200000,25,35,2851.4,Half_yearly,semi-urban,no,Term,unmarried
35,male,400000,30,40,3698.76,Yearly,urban,yes,Term,unmarried
59,male,400000,30,45,2735.7,Yearly,rural,yes,Term,widow
56,female,1200000,20,30,3789.4,Yearly,rural,yes,Endowment,widow
34,female,700000,30,35,3971.73,Yearly,rural,no,Endowment,unmarried
31,female,400000,15,20,1896.89,Monthly,urban,no,Endowment,unmarried
48,female,200000,25,40,2265.31,Quarterly,semi-urban,no,ULIP,married
41,male,700000,10,20,2461.0,Yearly,semi-urban,yes,Term,married
52,male,200000,30,45,2621.33,Half_yearly,rural,no,Endowment,widow
51,male,400000,25,30,2535.81,Half_yearly,rural,yes,Term,unmarried
20,female,200000,30,45,1790.78,Quarterly,rural,no,Term,widow
54,male,700000,5,15,2705.47,Monthly,rural,yes,ULIP,married
60,female,200000,10,25,2723.46,Quarterly,urban,no,ULIP,widow
57,male,400000,5,15,1748.14,Yearly,rural,yes,Endowment,widow
43,female,1200000,10,20,2801.33,Monthly,urban,yes,Endowment,widow
40,female,200000,25,30,1726.36,Monthly,rural,no,ULIP,married
56,male,400000,20,25,2563.2,Yearly,semi-urban,yes,ULIP,widow
32,female,400000,30,35,3020.26,Half_yearly,semi-urban,no,Term,married
21,female,200000,30,40,1195.13,Yearly,rural,no,Term,unmarried
46,male,700000,15,30,2747.2,Quarterly,rural,yes,Endowment,widow
39,female,200000,5,15,1737.89,Yearly,urban,yes,Endowment,widow
42,female,400000,30,35,2902.7,Half_yearly,rural,no,ULIP,married
30,female,400000,25,30,2281.52,Yearly,rural,no,Endowment,widow
35,male,700000,20,35,2765.34,Quarterly,rural,no,Term,married
50,male,700000,25,30,2699.33,Quarterly,semi-urban,yes,ULIP,widow
33,female,400000,5,10,2962.11,Half_yearly,urban,no,Term,unmarried
59,male,200000,15,20,3224.32,Quarterly,semi-urban,yes,ULIP,unmarried
19,female,700000,30,45,2132.67,Quarterly,urban,yes,ULIP,unmarried
52,female,400000,25,35,1923.72,Yearly,semi-urban,no,Term,widow
59,female,700000,10,15,2860.75,Monthly,rural,no,Endowment,widow
51,female,700000,20,35,2291.8,Quarterly,semi-urban,yes,Endowment,unmarried
47,female,700000,25,30,3166.79,Quarterly,semi-urban,yes,Endowment,unmarried
30,male,400000,20,35,2947.06,Half_yearly,urban,yes,Endowment,married
30,female,400000,30,35,2126.71,Half_yearly,urban,yes,Term,married
35,male,700000,10,25,2318.23,Yearly,semi-urban,no,ULIP,unmarried
49,male,400000,15,20,2262.61,Yearly,urban,yes,Term,unmarried
49,female,200000,15,25,2252.01,Quarterly,urban,no,Endowment,widow
52,female,1200000,10,15,3357.42,Monthly,urban,no,Endowment,unmarried
56,male,1200000,20,35,2073.59,Monthly,urban,no,Term,married
46,male,400000,30,35,1916.27,Yearly,urban,yes,ULIP,married
46,male,200000,25,35,1997.95,Half_yearly,semi-urban,yes,Term,married
33,female,400000,10,15,2001.51,Quarterly,urban,no,Term,married
27,male,700000,5,20,1267.65,Quarterly,rural,no,Term,married
47,female,1200000,20,35,2255.81,Monthly,semi-urban,no,ULIP,married
42,female,200000,15,25,1547.32,Yearly,semi-urban,no,Term,unmarried
56,female,200000,10,25,2142.36,Monthly,semi-urban,yes,Term,married
37,male,1200000,15,20,2981.9,Monthly,urban,no,Endowment,married
22,female,400000,20,25,2084.22,Yearly,rural,yes,Term,married
18,female,400000,15,20,2798.26,Half_yearly,urban,yes,Endowment,married
47,female,1200000,10,25,3598.07,Quarterly,semi-urban,yes,Endowment,unmarried
20,female,200000,20,25,2274.96,Half_yearly,semi-urban,yes,Endowment,widow
31,female,700000,5,10,2760.06,Yearly,semi-urban,no,ULIP,widow
47,male,200000,10,15,1771.67,Yearly,semi-urban,yes,Endowment,widow
21,female,400000,25,35,2031.5,Quarterly,urban,no,Term,widow
35,female,700000,30,45,1846.18,Half_yearly,rural,yes,Term,married
54,male,400000,10,25,2274.62,Quarterly,rural,no,Endowment,widow
42,female,1200000,20,35,3592.87,Monthly,semi-urban,no,Endowment,widow
18,male,400000,30,40,3077.16,Monthly,rural,no,Term,unmarried
32,female,400000,10,25,2277.61,Monthly,semi-urban,no,Endowment,unmarried
26,male,200000,5,15,2445.83,Half_yearly,semi-urban,no,ULIP,unmarried
32,male,400000,5,15,972.01,Monthly,rural,yes,Endowment,married
41,female,400000,25,40,2183.54,Quarterly,semi-urban,no,ULIP,married
21,female,200000,15,20,1971.82,Half_yearly,rural,yes,ULIP,married
29,female,400000,30,35,3145.58,Quarterly,semi-urban,no,ULIP,unmarried
54,male,400000,20,35,2596.47,Yearly,rural,yes,Endowment,widow
54,male,700000,20,35,2947.13,Half_yearly,semi-urban,yes,ULIP,unmarried
60,male,700000,15,25,2921.16,Quarterly,rural,yes,ULIP,married
23,female,700000,5,20,2722.72,Quarterly,semi-urban,no,Endowment,unmarried
56,male,200000,5,15,2966.18,Half_yearly,semi-urban,yes,ULIP,widow
41,male,200000,10,25,1047.36,Yearly,semi-urban,no,Endowment,married
28,female,700000,25,30,2773.11,Half_yearly,rural,no,Term,widow
30,male,400000,30,35,2964.9,Monthly,urban,yes,ULIP,widow
51,male,200000,25,40,1254.3,Monthly,semi-urban,yes,Endowment,married
42,female,700000,25,35,3118.96,Yearly,semi-urban,no,Term,widow
24,male,700000,10,15,2319.42,Quarterly,rural,no,ULIP,unmarried
21,female,400000,25,35,2454.91,Quarterly,semi-urban,no,ULIP,widow
25,female,200000,15,30,1809.82,Quarterly,semi-urban,no,Endowment,widow
37,female,700000,10,25,3179.58,Half_yearly,semi-urban,no,Term,widow
46,female,400000,15,20,2255.82,Half_yearly,semi-urban,no,Endowment,unmarried
27,female,700000,10,25,3122.9,Yearly,urban,yes,ULIP,widow
60,male,700000,25,30,2917.66,Monthly,urban,no,ULIP,widow
51,male,700000,15,25,2303.1,Quarterly,semi-urban,no,ULIP,unmarried
43,female,400000,15,20,2650.93,Monthly,semi-urban,yes,ULIP,married
58,female,200000,15,20,1868.22,Half_yearly,semi-urban,yes,Term,married
20,male,700000,10,20,2732.06,Half_yearly,urban,yes,Term,married
23,female,700000,20,25,2546.7,Half_yearly,urban,no,Endowment,widow
22,female,700000,25,30,3149.96,Monthly,rural,yes,Endowment,married
22,female,200000,15,30,2470.16,Yearly,rural,yes,Endowment,unmarried
40,male,200000,30,40,2184.64,Yearly,semi-urban,no,ULIP,widow
26,male,1200000,20,25,2857.14,Half_yearly,semi-urban,no,Endowment,widow
52,female,700000,30,40,2065.5,Quarterly,urban,no,Term,widow
37,female,1200000,25,35,3267.83,Monthly,semi-urban,no,Endowment,married
59,male,700000,25,30,2383.85,Half_yearly,semi-urban,yes,Endowment,married
52,male,400000,15,30,1461.0,Monthly,urban,no,Term,married
35,female,700000,15,25,2034.99,Monthly,urban,yes,Term,widow
34,female,1200000,10,15,4012.94,Yearly,urban,no,ULIP,unmarried
41,male,400000,20,30,2070.01,Half_yearly,urban,yes,Term,widow
20,male,700000,20,35,3241.08,Yearly,rural,no,Term,unmarried
49,male,200000,15,30,2021.68,Half_yearly,urban,no,Endowment,widow
52,female,400000,25,40,3019.79,Monthly,urban,no,Term,unmarried
55,male,700000,15,20,3283.58,Yearly,semi-urban,yes,ULIP,widow
30,female,400000,25,30,1987.15,Monthly,semi-urban,yes,Endowment,widow
42,male,200000,25,40,1206.01,Half_yearly,semi-urban,yes,ULIP,unmarried
26,male,400000,15,20,1448.34,Quarterly,rural,no,Term,unmarried
21,male,200000,5,20,1795.67,Yearly,urban,yes,ULIP,unmarried
31,male,200000,20,25,3144.82,Yearly,urban,no,ULIP,unmarried
54,female,400000,30,45,2194.72,Monthly,rural,no,Term,unmarried
51,female,1200000,25,35,3272.62,Monthly,urban,no,Term,unmarried
28,male,400000,25,40,3051.67,Quarterly,semi-urban,yes,Endowment,unmarried
58,female,200000,5,20,2255.16,Yearly,rural,no,Endowment,unmarried
20,male,200000,30,35,2237.95,Half_yearly,urban,yes,Endowment,widow
45,male,700000,10,15,3011.33,Half_yearly,rural,no,Term,unmarried
46,male,400000,5,10,2544.48,Yearly,rural,no,ULIP,unmarried
26,male,700000,30,35,2650.27,Yearly,urban,no,ULIP,widow
20,female,700000,5,10,2339.28,Yearly,semi-urban,yes,Endowment,widow
42,male,700000,25,30,2739.24,Quarterly,urban,yes,Endowment,married
51,male,400000,20,30,2947.2,Half_yearly,urban,no,Term,married
29,female,700000,5,20,3591.0,Half_yearly,semi-urban,yes,ULIP,unmarried
59,male,400000,10,25,2546.14,Monthly,urban,yes,Endowment,unmarried
26,male,1200000,15,30,3577.58,Monthly,urban,no,Term,married
32,male,700000,30,40,2834.87,Yearly,urban,no,Endowment,married
57,female,400000,5,20,2356.34,Monthly,rural,yes,Term,unmarried
42,male,400000,5,15,2657.13,Quarterly,rural,no,ULIP,married
22,female,200000,10,20,2794.67,Half_yearly,rural,no,Term,unmarried
28,male,700000,20,30,2256.82,Half_yearly,urban,yes,Endowment,widow
51,male,200000,5,20,1474.3,Monthly,semi-urban,yes,Endowment,widow
41,female,400000,5,15,2133.5,Yearly,rural,no,ULIP,married
32,male,400000,20,35,2505.83,Monthly,semi-urban,yes,ULIP,widow
55,male,700000,10,25,3134.94,Yearly,urban,yes,Endowment,widow
25,female,700000,30,35,2205.25,Quarterly,rural,no,Endowment,widow
22,female,700000,30,35,1455.71,Half_yearly,urban,no,Endowment,widow
43,female,700000,5,15,2445.28,Quarterly,semi-urban,no,ULIP,unmarried
35,female,200000,20,30,2103.04,Half_yearly,rural,no,Endowment,unmarried
23,female,200000,5,20,1618.86,Quarterly,rural,yes,ULIP,married
54,male,700000,15,25,2321.95,Monthly,rural,yes,Endowment,widow
30,female,400000,30,40,2833.64,Quarterly,rural,no,Term,widow
45,male,400000,25,40,2439.06,Quarterly,semi-urban,no,Term,widow
22,male,200000,15,25,2372.81,Monthly,rural,no,Endowment,married
30,male,400000,5,15,2222.16,Half_yearly,urban,no,Term,unmarried
34,female,200000,10,25,1822.94,Half_yearly,rural,yes,ULIP,widow
57,female,1200000,30,45,3018.55,Monthly,semi-urban,yes,Term,unmarried
49,male,200000,25,30,2449.44,Quarterly,rural,no,Term,married
46,female,400000,15,30,1654.34,Quarterly,semi-urban,no,ULIP,unmarried
20,female,200000,30,35,3025.09,Quarterly,semi-urban,yes,Term,widow
57,female,700000,20,30,2987.43,Yearly,urban,yes,Term,unmarried
51,female,400000,10,25,2132.06,Half_yearly,rural,yes,Endowment,unmarried
57,male,1200000,15,30,3606.7,Quarterly,rural,yes,ULIP,married
44,male,1200000,20,35,3811.17,Half_yearly,rural,no,ULIP,married
30,female,400000,5,15,2234.83,Quarterly,urban,yes,Endowment,married
50,male,1200000,20,25,3091.71,Monthly,urban,yes,Endowment,married
